gene_id	sampleA	sampleB	baseMeanA	baseMeanB	baseMean	log2FoldChange	lfcSE	stat	pvalue	padj	up|down
NATL1A_244	P2	P4	71989.9904421187	17912.5676601654	44951.2790511421	2.00678419047878	0.0971730655189924	20.651650534649	9.43410396078334e-95	1.82644252680765e-91	up
S0430-3_41	P2	P4	9278.21899563111	1.03650643031262	4639.62775103071	13.0087779542822	0.729419398179947	17.8344282956304	3.81936246356579e-71	3.69714286473169e-68	up
S0430-3_26	P2	P4	31063.6130596322	0	15531.8065298161	17.605135896716	1.18233857168021	14.8900968964394	3.82215200293111e-50	2.46656209255821e-47	up
S0430-3_46	P2	P4	55281.7342861448	0.306579916571549	27641.0204330307	17.4749097318949	1.18477998576252	14.7494977480128	3.09962840212956e-49	1.5002201466307e-46	up
S0430-3_42	P2	P4	13724.1129423735	0	6862.05647118674	16.4265998004654	1.19510285155197	13.7449256180199	5.46291719695547e-43	2.10755152554394e-40	up
S0430-3_38	P2	P4	12180.4735985722	0	6090.23679928609	16.2544726485811	1.18369408973413	13.731987672788	6.53166795106591e-43	2.10755152554394e-40	up
S0430-3_53	P2	P4	11692.6047132492	0	5846.30235662459	16.1955203687039	1.18420360342253	13.6762971518549	1.4067607016486e-42	3.89069816913099e-40	up
S0430-3_9	P2	P4	9226.88216681206	0	4613.44108340603	15.8538519214179	1.18478663665219	13.381187321808	7.78930524163813e-41	1.67556610531238e-38	up
S0430-3_48	P2	P4	8767.29487980734	0	4383.64743990367	15.7801377356432	1.18359814967904	13.3323440391676	1.50106039805138e-40	2.90605293062748e-38	up
S0430-3_40	P2	P4	8630.14809851791	0	4315.07404925895	15.757354727232	1.18378899883089	13.3109487778599	1.99926645135028e-40	3.5187089543765e-38	up
S0430-3_30	P2	P4	8114.00630892746	0	4057.00315446373	15.6684160790424	1.18275356180308	13.2474055332002	4.67072700012837e-40	7.5354395602071e-38	up
S0430-3_10	P2	P4	7014.64271445886	0	3507.32135722943	15.458310904327	1.18886255654799	13.0026055738623	1.18244790318595e-38	1.76093780043693e-36	up
S0430-3_44	P2	P4	7118.42688042741	0	3559.2134402137	15.4794996675487	1.20013150595471	12.8981695678714	4.60915467595928e-38	6.37380246618369e-36	up
S0430-3_35	P2	P4	5610.14113161552	0	2805.07056580776	15.1360392474954	1.18302136548495	12.7943921294192	1.76225965525444e-37	2.27448979504839e-35	up
S0430-3_27	P2	P4	5497.08222169388	0	2748.54111084694	15.1066502606222	1.18288963826307	12.7709718404538	2.38162113869429e-37	2.8817615778201e-35	up
S0430-3_39	P2	P4	5014.05407177664	0	2507.02703588832	14.9739790830304	1.18440974840273	12.6425665638297	1.22973218485374e-36	1.40044794698638e-34	up
S0430-3_43	P2	P4	5078.67567862627	0	2539.33783931314	14.992375745762	1.19394933911995	12.5569613839836	3.64046953894354e-36	3.9155272374415e-34	up
S0430-3_36	P2	P4	4619.15307754743	0	2309.57653877372	14.8556242307814	1.18351882568064	12.552081055608	3.87198308692187e-36	3.94534697698986e-34	up
NATL1A_1116	P2	P4	3141.49897380185	1227.67102419332	2184.58499899759	1.35576419404173	0.10861880467491	12.4818552192638	9.37758611935589e-36	9.0775033635365e-34	up
S0430-3_51	P2	P4	4297.68411636076	0	2148.84205818038	14.7515191136854	1.18428446548019	12.4560606371747	1.29616740872531e-35	1.19494290632962e-33	up
S0430-3_33	P2	P4	4213.24925712034	0	2106.62462856017	14.7229257351853	1.18548792664313	12.419296227567	2.05360035501398e-35	1.80716831241231e-33	up
S0430-3_32	P2	P4	4091.07384613011	0	2045.53692306506	14.6804905780625	1.18312154254418	12.4082691846635	2.35692771871563e-35	1.98391828844933e-33	up
S0430-3_18	P2	P4	4025.9916641761	0	2012.99583208805	14.6573382306902	1.18304914032008	12.3894585027335	2.98049098235714e-35	2.40426272576809e-33	up
S0430-3_52	P2	P4	7223.32682720735	0.306579916571549	3611.81670356196	14.5388626887932	1.18270529881684	12.2928870812853	9.89093109091219e-35	7.36493945846385e-33	up
S0430-3_3	P2	P4	2779.96614035959	0	1389.98307017979	14.1230463706092	1.18340323645489	11.9342637704097	7.84499140492129e-33	5.23720805514745e-31	up
S0430-3_17	P2	P4	2673.14308810015	0	1336.57154405008	14.0664624471106	1.18422697034113	11.8781811252437	1.53674845529908e-32	9.91715003153007e-31	up
S0430-3_29	P2	P4	2497.28077489556	0	1248.64038744778	13.9684019372733	1.1843669978355	11.7939810572241	4.1924420206535e-32	2.6182476619307e-30	up
S0430-3_16	P2	P4	2469.18002649822	0	1234.59001324911	13.9519653414623	1.18422420765728	11.7815235081734	4.86064924129679e-32	2.94069279098456e-30	up
S0430-3_8	P2	P4	2260.72988332205	0	1130.36494166103	13.8248829995161	1.189228808187	11.6250824940849	3.0729638730925e-31	1.80280547221427e-29	up
S0430-3_34	P2	P4	2121.0310422909	0	1060.51552114545	13.7328228266033	1.1847751369629	11.5910795206309	4.57331855486092e-31	2.60410138888551e-29	up
S0430-3_6	P2	P4	1978.85393141201	0	989.426965706003	13.6326159343708	1.18455128967226	11.5086751018968	1.19297054815487e-30	6.59883137493667e-29	up
S0430-3_56	P2	P4	1894.36530810817	0	947.182654054084	13.5696577117732	1.18452842107848	11.4557468358744	2.20058262472172e-30	1.17461597653778e-28	up
S0430-3_47	P2	P4	1897.72774746926	0	948.863873734628	13.5723168030183	1.18493914535945	11.4540201124853	2.24487557499472e-30	1.17461597653778e-28	up
S0430-3_14	P2	P4	1856.81423675555	0	928.407118377773	13.5407895858073	1.18514402503726	11.4254380056311	3.12078118226767e-30	1.58995588654479e-28	up
S0430-3_19	P2	P4	1678.472165492	0	839.236082746002	13.3951060597877	1.18458006774706	11.307894185037	1.19933422067571e-29	5.80477762807043e-28	up
S0430-3_28	P2	P4	1748.91346963329	0.613159833143098	874.763314733219	11.5990786811997	1.02821671239629	11.2807723715828	1.63305827404261e-29	7.71122150865e-28	up
NATL1A_1171	P2	P4	8039.63096447632	3600.26484812767	5819.947906302	1.15910924844236	0.103440561596597	11.205558347244	3.82931564649935e-29	1.72408257944715e-27	up
S0430-3_24	P2	P4	1563.10366618755	0	781.551833093777	13.2923537605568	1.18806786658487	11.1882108206209	4.65736525135419e-29	2.04924071059585e-27	up
S0430-3_7	P2	P4	1521.35732957881	0	760.678664789404	13.2533845169743	1.18551837879522	11.17940029782	5.14363864881179e-29	2.21290764979992e-27	up
S0430-3_37	P2	P4	1512.50143022207	0	756.250715111033	13.2448420059545	1.18555603773133	11.1718396975142	5.60086604030669e-29	2.35723405522473e-27	up
NATL1A_103	P2	P4	6962.95401846804	2763.29918645484	4863.12660246144	1.33310525672586	0.119725850464712	11.1346484618939	8.50800220862105e-29	3.43156089081049e-27	up
S0430-3_23	P2	P4	1205.86398858103	0	602.931994290515	12.9180828690628	1.188621318322	10.8681231523758	1.63530215422657e-27	6.33188994116527e-26	up
S0430-3_2	P2	P4	1162.65756005142	0	581.328780025711	12.865269943841	1.18885022418758	10.8216070301309	2.71966273596962e-27	1.03240530526219e-25	up
S0430-3_20	P2	P4	1074.41009098188	0	537.205045490941	12.7516510041652	1.18885462365414	10.7259968968879	7.68538275124991e-27	2.78777665874636e-25	up
S0430-3_45	P2	P4	1146.56461792002	0	573.282308960012	12.8451277617541	1.1984455939605	10.7181567744806	8.36537855575274e-27	2.94461325162496e-25	up
S0430-3_1	P2	P4	979.384004355998	0	489.692002177999	12.6179558494512	1.18695759151068	10.6305026731342	2.14950760705326e-26	7.43115487009842e-25	up
NATL1A_1579	P2	P4	112808.79996319	38309.3375027999	75559.0687329951	1.55810217979453	0.147179000980721	10.5864435103662	3.44430354641221e-26	1.16985467822001e-24	up
S0430-3_5	P2	P4	797.588626084828	0	398.794313042414	12.3215580097029	1.19200342252884	10.3368478452543	4.80069126119066e-25	1.54902304694419e-23	up
S0430-3_31	P2	P4	613.810980579232	0	306.905490289616	11.9438407018723	1.18933568766012	10.0424470784782	9.91825813956333e-24	3.09705609003139e-22	up
S0430-3_21	P2	P4	628.445341345034	0	314.222670672517	11.978111129937	1.19426141017724	10.0297229968766	1.12832700766409e-23	3.41318919818388e-22	up
S0430-3_50	P2	P4	609.894923217028	0	304.947461608514	11.9345252092446	1.1901123596785	10.0280659319164	1.14742079537218e-23	3.417548707447e-22	up
NATL1A_865	P2	P4	3882.07544946103	1911.65648247013	2896.86596596558	1.02175948225602	0.10370907155516	9.85217075935904	6.70792766487114e-23	1.93829074017769e-21	up
NATL1A_1478	P2	P4	753.459678075701	244.663043786852	499.061360931276	1.62227980922739	0.165413296402273	9.80743292414731	1.04595527271898e-22	2.93473827244049e-21	up
S0430-3_11	P2	P4	517.454416553799	0	258.7272082769	11.6972216651645	1.19444278459741	9.79303639822904	1.20618179107736e-22	3.33595421075109e-21	up
S0430-3_13	P2	P4	483.423968273573	0	241.711984136787	11.5995167532013	1.19450089637714	9.71076437730778	2.71294884323299e-22	7.39756191619587e-21	up
S0430-3_12	P2	P4	471.59554448184	0	235.79777224092	11.5633978835297	1.19424499894202	9.68260105235831	3.57502691512511e-22	9.61285014955864e-21	up
S0430-3_4	P2	P4	464.349818202252	0	232.174909101126	11.5415183227749	1.19544501787337	9.65457896449857	4.70086303431956e-22	1.24669463485516e-20	up
NATL1A_1117	P2	P4	5833.012125441	2772.86824032007	4302.94018288053	1.07301693381799	0.11318323997846	9.4803518084673	2.53427192630844e-21	6.45572427543834e-20	up
S0430-3_15	P2	P4	325.732576847341	0	162.866288423671	11.0295154270211	1.20341748478775	9.16516135625739	4.94729043436307e-20	1.16804320499109e-18	up
S0430-3_54	P2	P4	316.172217667622	0	158.086108833811	10.9864103916226	1.21232446445493	9.06226898304994	1.27764671037059e-19	2.91002827209112e-18	up
S0430-3_55	P2	P4	272.68428756672	0	136.34214378336	10.7736130021919	1.20585954342335	8.93438465611539	4.09450538178057e-19	9.11145105646803e-18	up
NATL1A_936	P2	P4	380.878068799567	135.882209047358	258.380138923462	1.48533796112902	0.171406602888442	8.66558193266183	4.49212509820151e-18	9.35134859152487e-17	up
NATL1A_1389	P2	P4	535.497932581781	219.5313944466	377.51466351419	1.28702816266746	0.154034483160945	8.35545480632858	6.51810862902863e-17	1.3009338459587e-15	up
S0430-3_49	P2	P4	173.198299367796	0	86.5991496838982	10.1187700594406	1.21300365362855	8.34191226808888	7.30986795613679e-17	1.44407187378376e-15	up
NATL1A_1539	P2	P4	602.718628350281	225.76964275724	414.24413555376	1.41742789791499	0.17463804469467	8.11637521705629	4.80314101527979e-16	9.02803981124435e-15	up
NATL1A_681	P2	P4	1129.95268387689	357.17483733651	743.563760606698	1.6602493804436	0.206318866870096	8.04700707031771	8.48432823042388e-16	1.56434851943815e-14	up
NATL1A_1223	P2	P4	40318.9321813604	10469.6399674966	25394.2860744285	1.945227179829	0.244989174401457	7.94005361494633	2.02093878509966e-15	3.69107310184241e-14	up
NATL1A_1680	P2	P4	649.398579984673	193.310047248275	421.354313616474	1.74987424060671	0.222015536294263	7.88176480715926	3.22789171321067e-15	5.78629477479247e-14	up
NATL1A_1338	P2	P4	757.059278269929	267.103929110294	512.081603690111	1.50132594687371	0.190574830921113	7.87788156293932	3.32978108724152e-15	5.9141799861464e-14	up
NATL1A_138	P2	P4	6660.4853257913	3081.0082714288	4870.74679861005	1.11204691310332	0.143352765935944	7.75741511398695	8.66778557880888e-15	1.52553026187036e-13	up
S0430-3_25	P2	P4	99.2996027320939	0	49.649801366047	9.31625220427664	1.23091066545377	7.56858516685469	3.77310921936046e-14	6.24336705015542e-13	up
NATL1A_302	P2	P4	45390.0757779721	22033.4194559176	33711.7476169449	1.04266282724304	0.141759493798848	7.35515343136419	1.90707934504434e-13	3.02547656232974e-12	up
NATL1A_1229	P2	P4	37034.7928410281	16464.0372503452	26749.4150456866	1.16955487609604	0.159034399048323	7.35410001292029	1.92217777462065e-13	3.02547656232974e-12	up
NATL1A_836	P2	P4	35223.040176396	14653.3420820687	24938.1911292324	1.26526095326943	0.176580764539789	7.16533851559086	7.75945744324568e-13	1.16452012481579e-11	up
NATL1A_1649	P2	P4	6673.04164154336	3154.62878829829	4913.83521492082	1.08067944932446	0.15192385104384	7.11329683851033	1.13303224348622e-12	1.68734647953025e-11	up
NATL1A_1511	P2	P4	41140.3624765977	19799.5016065097	30469.9320415537	1.05506478757949	0.159853073503327	6.6002158385621	4.10559610011882e-11	5.37056354718246e-10	up
NATL1A_1396	P2	P4	1033.29509304367	477.826647944016	755.560870493843	1.11168517130087	0.168588211108696	6.59408605139136	4.27883489791645e-11	5.55961366601762e-10	up
NATL1A_1362	P2	P4	783280.376879774	379312.148939082	581296.262909428	1.0461413012422	0.167325031004361	6.25215064932476	4.04838590755182e-10	4.75010613152747e-09	up
NATL1A_290	P2	P4	32789.0907627281	12456.2179497685	22622.6543562483	1.39631145877515	0.2267018841993	6.15924064198608	7.30945837141483e-10	8.08634937546234e-09	up
NATL1A_68	P2	P4	1770.63693909912	792.189535735458	1281.41323741729	1.15977754064065	0.188784957741832	6.14337897740072	8.07842279142463e-10	8.88626507056709e-09	up
NATL1A_1335	P2	P4	3984.98947668085	1640.30137635936	2812.64542652011	1.28031823837096	0.20940410124032	6.11410297500151	9.71015923618118e-10	1.04438157118038e-08	up
NATL1A_289	P2	P4	19250.22300765	8578.1046877505	13914.1638477002	1.1661192795276	0.191933803600425	6.07563262777451	1.2349985655114e-09	1.29240930963788e-08	up
NATL1A_43	P2	P4	13414.7351776783	6330.54894944372	9872.64206356102	1.08336881603653	0.179087395436658	6.04938618597367	1.45398740478111e-09	1.51339764282593e-08	up
NATL1A_1517	P2	P4	637.260681964669	313.617014453889	475.438848209279	1.0238803395869	0.172432389448456	5.93786551854842	2.88756743035345e-09	2.83773124120014e-08	up
NATL1A_1073	P2	P4	16091.4380652092	6430.55759655571	11260.9978308825	1.32322168015281	0.223306788225484	5.92557750110437	3.11201768738472e-09	3.02757097626976e-08	up
NATL1A_713	P2	P4	61389.7430559662	29587.7947028778	45488.768879422	1.05297831601076	0.179992707956962	5.85011652951263	4.91228736545273e-09	4.57220593245985e-08	up
NATL1A_1318	P2	P4	391151.612911312	179641.273139542	285396.443025427	1.12260719688375	0.193036300048809	5.81552379837317	6.04443127286872e-09	5.54598054230988e-08	up
S0430-3_22	P2	P4	37.6818185562677	0	18.8409092781338	7.91901921751794	1.3717886591685	5.77276912488693	7.79792551396654e-09	7.0217599046694e-08	up
NATL1A_1763	P2	P4	30838.4481606844	15349.1014104154	23093.7747855499	1.0065482360007	0.174592386098313	5.7651324808283	8.1593721770451e-09	7.27951361048816e-08	up
NATL1A_407	P2	P4	503829.754742408	236849.332822497	370339.543782453	1.08896648237997	0.189948585957247	5.73295387745121	9.8696478869952e-09	8.72494899964507e-08	up
NATL1A_701	P2	P4	29024.6556391	14387.4632601279	21706.059449614	1.01243384677565	0.179406443863575	5.6432412625353	1.66878238086692e-08	1.42954101299042e-07	up
NATL1A_1334	P2	P4	57695.7996538007	28806.9236475072	43251.361650654	1.00205205763854	0.179945863258932	5.5686306953144	2.56749010400617e-08	2.15180123002422e-07	up
NATL1A_272	P2	P4	156900.641787443	72185.5121781095	114543.076982776	1.12006267510917	0.205990110736415	5.43745848334631	5.40459381030643e-08	4.25337138892409e-07	up
NATL1A_906	P2	P4	1498.93863323621	736.795111291417	1117.86687226382	1.02396973661362	0.216650534664246	4.72636607244253	2.28573425375196e-06	1.40481952865517e-05	up
NATL1A_1481	P2	P4	30832.1446932528	15107.3953737169	22969.7700334848	1.029159889923	0.247024750912526	4.16622174952596	3.09689475370864e-05	0.000149143986148754	up
NATL1A_1381	P2	P4	59.9551123414999	24.7666884797026	42.3609004106012	1.27967461524331	0.389675013224226	3.28395347870807	0.00102361817711319	0.00333062990065738	up
NATL1A_1631	P2	P4	92.6138973481998	44.1849509527425	68.3994241504711	1.06726136972891	0.36570271739629	2.91838512255949	0.00351849493210447	0.00994424261102811	up
NATL1A_1103	P2	P4	149.355375884355	1217.4900732803	683.422724582328	-3.02584871192462	0.223038782871838	-13.56646890269	6.32987600332686e-42	1.5318299928051e-39	down
NATL1A_1192	P2	P4	502.334608957337	3412.44139948357	1957.38800422045	-2.7634220380623	0.226360050970598	-12.2080818864158	2.81446226121714e-34	2.0180736806357e-32	down
NATL1A_432	P2	P4	21434.3737047764	59480.9651278838	40457.6694163301	-1.47248684909071	0.121800745439146	-12.0893090085922	1.20294185884103e-33	8.31748370970081e-32	down
NATL1A_549	P2	P4	2955.16638108516	8170.81002540576	5562.98820324546	-1.46708255801048	0.129311626619253	-11.3453259878184	7.82341449027905e-30	3.88362319312314e-28	down
NATL1A_1421	P2	P4	47016.4921402898	172534.554314403	109775.523227346	-1.87563779179145	0.167047792107139	-11.2281507473531	2.96621611428677e-29	1.36728438029981e-27	down
NATL1A_958	P2	P4	1629.29865085588	9746.49371036907	5687.89618061247	-2.58050409860781	0.231158192990478	-11.1633685366026	6.16119437876559e-29	2.53788772708302e-27	down
NATL1A_1121	P2	P4	650.273837911797	4866.29078465837	2758.28231128508	-2.90339576311645	0.263081682664253	-11.0361000192544	2.55900703828907e-28	1.01106890329136e-26	down
NATL1A_1060	P2	P4	3397.35098465492	26181.3071585841	14789.3290716195	-2.94600040561049	0.273377715735985	-10.7763004664784	4.45442408786566e-27	1.65841635271306e-25	down
NATL1A_1193	P2	P4	9482.06188892601	75967.7259777053	42724.8939333157	-3.00208630311241	0.279917015955835	-10.7249153570073	7.77582332501568e-27	2.78777665874636e-25	down
NATL1A_1531	P2	P4	2532.43819600791	17699.9393861094	10116.1887910587	-2.80503518435749	0.267241193327367	-10.4962679945878	8.98629775853367e-26	2.99956421733124e-24	down
NATL1A_213	P2	P4	21940.4484539258	56847.4074882469	39393.9279710864	-1.37348389904371	0.132852143783277	-10.3384398620189	4.72161532978698e-25	1.54902304694419e-23	down
NATL1A_263	P2	P4	82088.0022154632	215831.55116942	148959.776692441	-1.39466768669569	0.136559392745149	-10.2129019370967	1.73593863861601e-24	5.50947082682065e-23	down
NATL1A_1439	P2	P4	141308.529657763	518028.170080252	329668.349869007	-1.87418005166049	0.195529496762675	-9.58515253550354	9.23211252541537e-22	2.41532024989245e-20	down
NATL1A_548	P2	P4	2006.36330356784	7393.19017574128	4699.77673965456	-1.88141422790707	0.1993009828514	-9.44006497604614	3.72548308433159e-21	9.36692889774801e-20	down
NATL1A_1872	P2	P4	75301.6732370767	223237.605221389	149269.639229233	-1.56782076627194	0.166146805891037	-9.43635815244112	3.85961216172121e-21	9.57975531422085e-20	down
NATL1A_262	P2	P4	1550.73768887767	3424.92320395013	2487.8304464139	-1.14294128988498	0.121873557709982	-9.37809079640385	6.71780887543111e-21	1.64628835225755e-19	down
NATL1A_371	P2	P4	2181.40074581944	11935.4903147668	7058.4455302931	-2.45179762289901	0.262503040169338	-9.34007324759891	9.62674965615601e-21	2.32967341678976e-19	down
NATL1A_547	P2	P4	951.854514220628	2833.87343375289	1892.86397398676	-1.57377452000595	0.169491415832285	-9.28527567179701	1.61289107956752e-20	3.85500880252187e-19	down
NATL1A_1070	P2	P4	2273.53597594308	8881.1723710173	5577.35417348019	-1.96567540128044	0.215426953277848	-9.12455647434796	7.20305905313378e-20	1.68013522010446e-18	down
NATL1A_1722	P2	P4	49522.0856261183	163261.907050568	106391.996338343	-1.72103762726478	0.189169774439527	-9.09784680118099	9.21403467982779e-20	2.12361561192222e-18	down
NATL1A_1154	P2	P4	17.1758858267383	278.618152703197	147.897019264968	-4.01684004608035	0.443330710982617	-9.06059505143971	1.29740819651982e-19	2.9206770563516e-18	down
NATL1A_1153	P2	P4	25.2772786695524	341.579955538017	183.428617103785	-3.75219549302499	0.421139617532468	-8.90962364217781	5.12060889293683e-19	1.1265339564461e-17	down
NATL1A_13	P2	P4	9059.96257330775	25644.6771094494	17352.3198413786	-1.50103064700084	0.169799143456954	-8.8400366246922	9.56872307232934e-19	2.05833865200329e-17	down
NATL1A_973	P2	P4	4299.35671822723	13145.2756083893	8722.31616330827	-1.61225703919027	0.184819681601875	-8.72340556598983	2.6995723551331e-18	5.74326602146998e-17	down
NATL1A_1532	P2	P4	738.708373919314	2562.38295664901	1650.54566528416	-1.79393610070912	0.205957887715285	-8.71020828874029	3.03316927657502e-18	6.38284317331439e-17	down
NATL1A_767	P2	P4	3245.25884429926	9773.19618430293	6509.22751430109	-1.59036921388368	0.18502772694882	-8.59530212098202	8.30460131484727e-18	1.69239033110993e-16	down
NATL1A_369	P2	P4	2709.40098209653	9143.08172716207	5926.2413546293	-1.75465035441963	0.207704625230937	-8.44781550949438	2.96803909077399e-17	5.98554549972755e-16	down
NATL1A_12	P2	P4	30546.153940974	84134.0368095852	57340.0953752796	-1.46169100258898	0.177249873652353	-8.24649954592271	1.63101757136474e-16	3.18954547289105e-15	down
NATL1A_966	P2	P4	1315.01619087085	2810.62641642926	2062.82130365006	-1.0956947758059	0.133359706054562	-8.21608571450822	2.10253205367317e-16	4.07050205591126e-15	down
NATL1A_1629	P2	P4	2413.12631248771	7146.32812861601	4779.72722055186	-1.56626368938157	0.198632480839416	-7.88523449318349	3.1394541807124e-15	5.68035821856001e-14	down
NATL1A_1132	P2	P4	255.685811784331	1161.00133342073	708.34357260253	-2.1821631059999	0.283025417047916	-7.7101312269437	1.2568843149004e-14	2.19218741770015e-13	down
NATL1A_49	P2	P4	14510.0600464957	33561.4332401213	24035.7466433085	-1.20971333646713	0.157091535248342	-7.70069077595252	1.35332624886563e-14	2.33932108732488e-13	down
NATL1A_944	P2	P4	120.791727228323	431.307666147248	276.049696687785	-1.83554831955154	0.239126700919893	-7.67604919270997	1.64070142138371e-14	2.81097163876005e-13	down
NATL1A_1526	P2	P4	7265.73865123079	17167.9703477276	12216.8544994792	-1.24047869715656	0.164203565339674	-7.55451743444481	4.20415650175631e-14	6.89766693847477e-13	down
NATL1A_766	P2	P4	2294.08536220239	6245.1177114083	4269.60153680535	-1.4448337517306	0.192549172580017	-7.50371311582849	6.20349945594886e-14	1.00924159216109e-12	down
NATL1A_1112	P2	P4	3763.31451380969	9032.70322403565	6398.00886892267	-1.26306397965122	0.171348982936541	-7.37129545798934	1.68977874207135e-13	2.72617637054178e-12	down
NATL1A_90	P2	P4	10716.906101204	28486.8143719652	19601.8602365846	-1.41036696444078	0.193410636116032	-7.29208585816689	3.05192556307833e-13	4.72682231209572e-12	down
NATL1A_959	P2	P4	5353.6790461899	51525.8325915014	28439.7558188456	-3.26669376568647	0.451957101127787	-7.22788458801722	4.90575342207275e-13	7.47837687018334e-12	down
NATL1A_1140	P2	P4	2922.82971781951	6194.83484031823	4558.83227906887	-1.08359641001213	0.150149106763128	-7.21680223993331	5.3224290487848e-13	8.05017393628701e-12	down
NATL1A_1530	P2	P4	247.761670709487	1302.37437803785	775.068024373669	-2.39359643580649	0.339067248831841	-7.05935605415427	1.67275955410774e-12	2.47210877614701e-11	down
R8W_44	P2	P4	0	104.535795733964	52.2678978669819	-8.91602603891864	1.2888017208147	-6.91807428165328	4.57824234023422e-12	6.61453520201004e-11	down
NATL1A_1069	P2	P4	183.671287340104	471.2028151474	327.437051243752	-1.35779018879651	0.199797500302164	-6.79583171332502	1.07689426676524e-11	1.51077340612862e-10	down
NATL1A_1126	P2	P4	4022.33205807297	9930.82582716344	6976.57894261821	-1.30378002283983	0.192339871307425	-6.77852186329036	1.21411606134448e-11	1.67894906768779e-10	down
NATL1A_1519	P2	P4	5537.46259275381	18752.374661514	12144.9186271339	-1.75972136930424	0.261604813747095	-6.72663986605934	1.73625751856772e-11	2.36717926475148e-10	down
NATL1A_370	P2	P4	19658.5574069565	178737.109806084	99197.8336065203	-3.18460577627286	0.47640537490972	-6.68465543000298	2.31468615253403e-11	3.11196693840687e-10	down
NATL1A_1560	P2	P4	97268.2206928287	268993.587875338	183130.904284083	-1.46752929694139	0.219702146038401	-6.67963114336118	2.39544395743887e-11	3.19833069075976e-10	down
NATL1A_372	P2	P4	659.001375891239	2215.8778218905	1437.43959889087	-1.74905476690842	0.263756095000724	-6.63133402435161	3.32666466689743e-11	4.3812399966758e-10	down
NATL1A_1110	P2	P4	206.086335322823	8927.41093793267	4566.74863662775	-5.43678563315776	0.826001104483462	-6.5820561300068	4.63986342901395e-11	5.988517065714e-10	down
NATL1A_1139	P2	P4	2524.36570186239	26721.4467536235	14622.9062277429	-3.40397709108468	0.517589910719927	-6.57659088901097	4.8135681054332e-11	6.17156811398587e-10	down
NATL1A_1105	P2	P4	10397.1951395178	117716.916154239	64057.0556468783	-3.5010523399503	0.539268448533888	-6.49222543886748	8.45775665461786e-11	1.02982496121636e-09	down
NATL1A_1084	P2	P4	163.188837773797	787.398014357971	475.293426065884	-2.26974151270247	0.355712132521794	-6.38083805748009	1.76121476474242e-10	2.13106986533833e-09	down
NATL1A_969	P2	P4	153.135985099919	758.096956547913	455.616470823916	-2.30652194794086	0.366593085469466	-6.29177701207072	3.1385212072768e-10	3.77402301694899e-09	down
NATL1A_957	P2	P4	152.422231010559	509.999672274033	331.210951642296	-1.74076944163746	0.277785441273136	-6.26659710335873	3.69023304573004e-10	4.40245825763732e-09	down
NATL1A_1173	P2	P4	1399.9068192816	11525.9785953946	6462.94270733811	-3.04141292702778	0.487211072563761	-6.24249549794407	4.30644177140389e-10	5.02245257195056e-09	down
NATL1A_1108	P2	P4	968.580802751029	2294.09604733754	1631.33842504429	-1.24358282161212	0.199530066915427	-6.23255853534708	4.58877987168159e-10	5.31094498280901e-09	down
NATL1A_1183	P2	P4	344.871947575809	764.30883586852	554.590391722164	-1.14699599890361	0.184970911880538	-6.20095336743753	5.61221426102283e-10	6.31700395891872e-09	down
NATL1A_1109	P2	P4	653.845385237366	22828.7565214946	11741.300953366	-5.12571045873475	0.827497027998281	-6.1942342815827	5.85690557004285e-10	6.55431744716934e-09	down
NATL1A_1061	P2	P4	19128.8173052636	241885.653734485	130507.235519874	-3.66050499907468	0.597661266472953	-6.12471512613966	9.08459957330557e-10	9.84617762619208e-09	down
NATL1A_1124	P2	P4	7601.31686322782	58309.2578608037	32955.2873620158	-2.93939040268756	0.482551005102179	-6.0913569169028	1.11957625165283e-09	1.19093385890103e-08	down
NATL1A_1111	P2	P4	1841.69249810896	12224.8650908588	7033.27879448387	-2.73066950092016	0.449100768217319	-6.08030467585128	1.19954395707457e-09	1.26212885918281e-08	down
NATL1A_1122	P2	P4	101.460788274993	408.61913286146	255.039960568226	-2.00856153291161	0.333861964765053	-6.01614363087178	1.78621098852207e-09	1.82968490676124e-08	down
NATL1A_1218	P2	P4	353.001940212471	3502.24276535214	1927.6223527823	-3.31038977393895	0.550627464684231	-6.01203170248212	1.83212480767514e-09	1.86683875139951e-08	down
R8W_45	P2	P4	0	55.3869676390359	27.693483819518	-7.99985028656281	1.33100984933592	-6.01036144890601	1.85110150726795e-09	1.87629974768103e-08	down
NATL1A_925	P2	P4	715.080042352982	1653.04205718644	1184.06104976971	-1.20843266513365	0.201089332841713	-6.00943196765618	1.8617446720545e-09	1.87725921098829e-08	down
R8W_22	P2	P4	0	49.7559283023513	24.8779641511757	-7.84478503696555	1.31546342143301	-5.96351438523451	2.46869708129827e-09	2.46360698422342e-08	down
NATL1A_1101	P2	P4	137.031929853902	518.161554164386	327.596742009144	-1.91801534406577	0.322444503915194	-5.94835799890149	2.7084570853791e-09	2.68901175245843e-08	down
NATL1A_1123	P2	P4	124.33134156657	429.254125369178	276.792733467874	-1.78582515622014	0.300377352636046	-5.9452723068105	2.75997650720707e-09	2.72618087650657e-08	down
NATL1A_1125	P2	P4	12763.436573585	173242.946340471	93003.1914570279	-3.76270459797846	0.634292225799217	-5.93213103508781	2.99027818009925e-09	2.92382755387482e-08	down
NATL1A_882	P2	P4	1312.23132877713	4628.51693155899	2970.37413016806	-1.81833754993807	0.307954796774198	-5.90455991913426	3.53589343737898e-09	3.42274484738285e-08	down
NATL1A_1155	P2	P4	12892.7737431636	173757.013803093	93324.8937731281	-3.75243338890185	0.635613391946344	-5.90364117000639	3.55565091191398e-09	3.42474635097784e-08	down
NATL1A_42	P2	P4	2246.41679883776	5574.46586077086	3910.44132980431	-1.31107412935064	0.223067856618928	-5.87746773211874	4.16589886470966e-09	3.9926634663752e-08	down
NATL1A_1042	P2	P4	273.865240124685	1072.99964571821	673.432442921446	-1.96952234463382	0.336094372529974	-5.8600277350915	4.62789869539766e-09	4.3493261525679e-08	down
NATL1A_416	P2	P4	1910.13283897592	4053.73414367564	2981.93349132578	-1.08535752643042	0.185352308103315	-5.85564613430897	4.75158993901735e-09	4.44399909272348e-08	down
NATL1A_1046	P2	P4	78.959718798088	466.822017288321	272.890868043205	-2.56198642550786	0.439449068813501	-5.82999625514089	5.54286197789126e-09	5.1099908519988e-08	down
NATL1A_1059	P2	P4	54.8404965543074	384.918806719701	219.879651637004	-2.80947810395423	0.502477285709876	-5.59125394093213	2.2543559332787e-08	1.8975796029685e-07	down
NATL1A_956	P2	P4	178.547966608702	562.691055092671	370.619510850687	-1.65491284108023	0.297618773799229	-5.56051226189317	2.68983951981981e-08	2.24316424104108e-07	down
NATL1A_70	P2	P4	58.2072304478026	229.126117428747	143.666673938275	-1.97533564132489	0.359144848581719	-5.50010851923836	3.79557573829004e-08	3.03646059063203e-07	down
NATL1A_1185	P2	P4	1085.61200700974	2376.79026054121	1731.20113377548	-1.13024496495752	0.206345324847789	-5.47744401668052	4.31513463776315e-08	3.42381174537273e-07	down
NATL1A_1020	P2	P4	635.794037132638	2053.99654340724	1344.89529026994	-1.69143023182839	0.312121919836182	-5.41913311540611	5.98887149140674e-08	4.65640771380058e-07	down
NATL1A_1734	P2	P4	7912.34585668551	16863.7359628078	12388.0409097467	-1.09168805104616	0.202197426778814	-5.39911940739169	6.6968791735531e-08	5.18606323199952e-07	down
NATL1A_1217	P2	P4	4326.07604961368	49240.2381092944	26783.1570794541	-3.50869876527715	0.653465933925982	-5.36936752647091	7.90132514796697e-08	6.0702243993905e-07	down
NATL1A_1082	P2	P4	186.662864473595	374.891060252267	280.776962362931	-1.00498393709752	0.187406198943676	-5.36259708996906	8.20338493558232e-08	6.27737282027169e-07	down
NATL1A_1080	P2	P4	5049.43251131863	181037.707417303	93043.569964311	-5.16402318585623	0.97299016628867	-5.307374488227	1.11215535033791e-07	8.37794847569728e-07	down
R8W_25	P2	P4	0	37.092760613285	18.5463803066425	-7.42038584304638	1.40848523611915	-5.26834478115796	1.37659371141059e-07	1.01334046589008e-06	down
NATL1A_1106	P2	P4	814.911842210654	1727.30701566359	1271.10942893712	-1.08343388773405	0.206157982184469	-5.25535745089219	1.47737246431502e-07	1.07526056049394e-06	down
NATL1A_975	P2	P4	2568.68059351668	6298.48587667784	4433.58323509726	-1.29388550774999	0.247778270145369	-5.22194907160695	1.77049667013479e-07	1.27423106073642e-06	down
NATL1A_1159	P2	P4	127.697646705415	343.42186783823	235.559757271823	-1.4254879230067	0.277808898205385	-5.1311816583817	2.87928860434433e-07	2.005144869788e-06	down
R8W_42	P2	P4	0	35.4621953120616	17.7310976560308	-7.35602057315138	1.43657482208167	-5.12052728481772	3.04682527844907e-07	2.11421280970516e-06	down
R8W_33	P2	P4	0	32.5629425778861	16.2814712889431	-7.23280923401475	1.42860385660346	-5.062851538992	4.13031493354675e-07	2.80571568819176e-06	down
R8W_36	P2	P4	0	33.4101228139212	16.7050614069606	-7.27010287873019	1.45337250543952	-5.00222953958498	5.66710563534244e-07	3.77028058763676e-06	down
NATL1A_1172	P2	P4	1162.62630751799	7714.44370987979	4438.53500869889	-2.73010539648395	0.565997128660748	-4.82353223759964	1.41037959103568e-06	9.04137380213604e-06	down
NATL1A_365	P2	P4	8149.92303230595	76487.0253360457	42318.4741841758	-3.23035315552759	0.673971764956704	-4.79300962368224	1.64297740139828e-06	1.0428866390515e-05	down
R8W_5	P2	P4	0	30.9844834695534	15.4922417347767	-7.16061427227943	1.49969702560041	-4.77470725756267	1.79968853544656e-06	1.13491759108291e-05	down
EZ55_37_18	P2	P4	0	31.8028243171313	15.9014121585657	-7.19959756762091	1.54563352173092	-4.65802369474896	3.19259473041945e-06	1.90180412248986e-05	down
NATL1A_1529	P2	P4	2884.42859039909	45929.3104366225	24406.8695135108	-3.99305142079621	0.866979641916871	-4.60570378788558	4.11073190155561e-06	2.38274759323702e-05	down
NATL1A_1721	P2	P4	1935.04956546994	4068.85492038648	3001.95224292821	-1.07206367423118	0.232847563098585	-4.60414384400185	4.1416613708204e-06	2.39350937728606e-05	down
NATL1A_1180	P2	P4	505.030678646754	3014.95474912085	1759.9927138838	-2.57757172962737	0.561121394949254	-4.59360800145658	4.35647386813705e-06	2.50918715833515e-05	down
NATL1A_1012	P2	P4	2939.92220774036	7198.03915848768	5068.98068311402	-1.29173124795886	0.281272748765279	-4.59245075688725	4.38070898510992e-06	2.50918715833515e-05	down
NATL1A_1191	P2	P4	49.3546819338401	156.871783383194	103.113232658517	-1.66467814309124	0.366124245668079	-4.54675745402669	5.44787186735101e-06	3.083941501518e-05	down
NATL1A_362	P2	P4	513.298661241635	1238.01569680477	875.6571790232	-1.26951690581491	0.283008927479992	-4.48578395430533	7.26463249031952e-06	4.04147370725821e-05	down
NATL1A_1178	P2	P4	2076.004113857	14565.871941708	8320.93802778249	-2.81069360740123	0.632399260611004	-4.44449224163486	8.809968704446e-06	4.80453504557957e-05	down
NATL1A_970	P2	P4	200.440144852164	438.309385242302	319.374765047233	-1.12763761521118	0.25531400851388	-4.41666958180196	1.00233269322205e-05	5.36690955708832e-05	down
NATL1A_1170	P2	P4	2047.52201383345	4455.71002671645	3251.61602027495	-1.12162779597813	0.257744638576424	-4.35170175477989	1.35084936036638e-05	6.95543713209922e-05	down
NATL1A_1166	P2	P4	1697.44919390907	10352.9555227234	6025.20235831624	-2.6085734005793	0.625777986251889	-4.16852854828499	3.06572367594339e-05	0.000148010998419611	down
NATL1A_1219	P2	P4	351.194888592366	856.59855013743	603.896719364898	-1.28560432878677	0.311206722151404	-4.13103007511938	3.61141324759059e-05	0.000169290461194561	down
EZ55_70_12	P2	P4	1.54516146563176	29.6649334357356	15.6050474506837	-4.25205239375154	1.03125807883518	-4.12317002020899	3.73693656964593e-05	0.000174330342140591	down
NATL1A_366	P2	P4	3395.56755900379	39667.6789057661	21531.6232323849	-3.5462333340502	0.866495850432828	-4.09261432963447	4.26536820828698e-05	0.000195218743528217	down
NATL1A_1214	P2	P4	10.8411701648672	81.8712810102953	46.3562255875812	-2.91088795871626	0.753068044111448	-3.8653717701577	0.000110920113398695	0.000467846055642427	down
NATL1A_1309	P2	P4	167.558430306147	409.568610166988	288.563520236567	-1.28822021955686	0.359785756730477	-3.58052033872452	0.000342910648738305	0.00128409093995621	down
NATL1A_269	P2	P4	105.702351340962	291.913635570905	198.807993455933	-1.46360601599257	0.412595461907153	-3.54731486678817	0.00038917916642269	0.00143788333243192	down
NATL1A_1871	P2	P4	1127.67220580203	3791.38929922881	2459.53075251542	-1.74927458343427	0.500216820645242	-3.49703270909171	0.000470464143942796	0.00170885287555957	down
NATL1A_1002	P2	P4	901.614188790677	2033.66099790299	1467.63759334683	-1.1732079248648	0.34196354312193	-3.43079824870828	0.000601808006222735	0.00211836418190403	down
NATL1A_1000	P2	P4	62.9347565532973	127.782838707741	95.3587976305193	-1.01891944648166	0.297495477171597	-3.42499138531085	0.000614818915160223	0.00215632141259093	down
NATL1A_1320	P2	P4	167.88595222311	359.57694039056	263.731446306835	-1.09710880057256	0.323511582754761	-3.39125044992353	0.000695744909923645	0.00240959238928833	down
NATL1A_1013	P2	P4	19482.149989362	62222.2462444085	40852.1981168853	-1.67527179113316	0.497301357612843	-3.36872555340455	0.000755165811886362	0.00256942181337785	down
NATL1A_1062	P2	P4	142.63326934619	296.304554946765	219.468912146478	-1.05282836028706	0.313204593603698	-3.36147164437576	0.000775283164782439	0.00262863083540946	down
NATL1A_1087	P2	P4	886.671785269918	2675.70205244178	1781.18691885585	-1.59332166115107	0.489733368327385	-3.2534472106584	0.00114013907130142	0.00365448550006548	down
NATL1A_881	P2	P4	1211.74044807684	3640.03123699819	2425.88584253751	-1.5867894982343	0.496543808400313	-3.19566868298362	0.00139507208163965	0.00432830056098454	down
NATL1A_1038	P2	P4	815.604708008761	2605.41789998549	1710.51130399712	-1.67552126700249	0.558822794540459	-2.99830515750585	0.00271485688221881	0.00791560681321629	down
NATL1A_1102	P2	P4	18.4503092754702	51.7331148448635	35.0917120601668	-1.48703652979962	0.511943605987079	-2.90468815785376	0.00367619167234251	0.01032961840008	down
NATL1A_1785	P2	P4	32.8124414095556	77.2162558433643	55.01434862646	-1.23086427566998	0.463056799264839	-2.65812806900606	0.00785760273340025	0.0204741842420766	down
NATL1A_884	P2	P4	34.1608565870494	82.4294667836372	58.2951616853433	-1.26623022581505	0.504780556629347	-2.50847662253525	0.0121252991139576	0.0296396200563409	down
NATL1A_14	P2	P4	126.627847696053	269.605806791595	198.116827243824	-1.08848067097764	0.434093510957505	-2.50747971002082	0.0121595562413615	0.0296858775325042	down
EZ55_60_328	P2	P4	1.52681029119862	16.6737584259168	9.10028435855771	-3.43466489385893	1.37561929669648	-2.4968135458024	0.0125314828321525	0.0302589852307227	down
NATL1A_1152	P2	P4	141.926091785949	289.904420266073	215.915256026011	-1.02891953620566	0.416616348407687	-2.46970513792414	0.0135224461977936	0.0323203158505289	down
NATL1A_1199	P2	P4	1553.55905024328	3805.94830827585	2679.75367925956	-1.29262696405099	0.544781983825177	-2.37274176171326	0.0176566037653138	0.0405014038976867	down
