0,name,pro,total,bac,ph,pl,pt,Pro,Total,Bac,Ph,Pl,Pt,time,type ,pro_type,vbr,,,,,,,,
1,11-N0,9427585.408,12182017.54,2754432.136,,,,6.974400476,7.085719221,6.440032077,#NUM!,#NUM!,#NUM!,0,P,Experiment2,,,,,,,,,
2,12-N0,9176367.173,11691783.63,2515416.453,,,,6.962670783,7.067880769,6.400609897,#NUM!,#NUM!,#NUM!,0,P,Experiment2,,,,,,,,,
3,13-N0,8660127.503,12598421.05,3938293.549,,,,6.937524286,7.100316119,6.595308084,#NUM!,#NUM!,#NUM!,0,P,Experiment2,,,,,,,,,
4,21-N0,7989291.997,9654064.327,1664772.33,472946.1963,1234304.027,1707250.223,6.902508294,6.984710188,6.221354849,5.674811737,6.091422146,6.232297178,0,PC,Experiment2,0.213692305,-0.670211116,,,,,,,
5,22-N0,6971996.178,9045701.754,2073705.577,584804.4686,1304187.371,1888991.84,6.84335714,6.956442265,6.316747096,5.767010683,6.115339991,6.276230082,0,PC,Experiment2,0.270939885,-0.567127058,,,,,,,
6,23-N0,6005772.197,9178596.491,3172824.294,367236,739363.0455,1106599.046,6.778568855,6.962776278,6.501446022,5.564945248,5.86885774,6.043990291,0,PC,Experiment2,0.184255914,-0.734578564,,,,,,,
7,31-N0,6780131.702,13034759.72,6254628.018,287508.4731,1102319.72,1389828.193,6.83123813,7.11510303,6.796201486,5.458650648,6.042307577,6.142961117,0,PAC,Experiment2,0.204985427,-0.688277013,,,,,,,
8,32-N0,7986531.357,12522950.37,4536419.013,239802.6652,938039.6275,1177842.293,6.902358201,7.097706659,6.656713162,5.379854006,5.972221186,6.071087144,0,PAC,Experiment2,0.147478579,-0.831271057,,,,,,,
9,33-N0,7271525.612,11371967.47,4100441.863,318786.9047,880633.5565,1199420.461,6.861625538,7.055835609,6.612830659,5.503500473,5.94479523,6.078971453,0,PAC,Experiment2,0.164947567,-0.782654085,,,,,,,
10,41-N0,7797427.521,9361695.906,1564268.386,1550010.204,3955786.954,5505797.159,6.891951347,6.97135453,6.194311268,6.190334557,6.597232894,6.740820207,0,PR,Experiment2,3.519726672,0.546508939,,,,,,,
11,42-N0,7421980.489,8242426.901,820446.412,2250958.586,3573008.186,5823966.772,6.870519808,6.916055104,5.91405022,6.352367505,6.553034011,6.765218888,0,PR,Experiment2,7.098534025,0.851168668,,,,,,,
12,43-N0,7840217.44,9338070.175,1497852.735,2380301.34,4488848.04,6869149.38,6.894328108,6.970257133,6.175469117,6.376631941,6.652134904,6.836902961,0,PR,Experiment2,4.58599782,0.661433844,,,,,,,
13,51-N0,8385443.829,13485764.62,5100320.792,,,,6.923526054,7.129875575,6.707597493,#NUM!,#NUM!,#NUM!,0,PA,Experiment2,,#NUM!,,,,,,,
14,52-N0,8265355.991,10765480.41,2500124.414,,,,6.917261564,7.032033415,6.397961621,#NUM!,#NUM!,#NUM!,0,PA,Experiment2,,#NUM!,,,,,,,
15,53-N0,7528265.126,12312898.75,4784633.627,,,,6.876694905,7.090360308,6.679848688,#NUM!,#NUM!,#NUM!,0,PA,Experiment2,,#NUM!,,,,,,,
16,61-N0,7579336.965,10317980.73,2738643.762,1550010.204,3955786.954,5505797.159,6.879631216,7.013594712,6.437535544,6.190334557,6.597232894,6.740820207,0,PAR,Experiment2,2.010410129,0.303284664,,,,,,,
17,62-N0,8091435.675,10760609.64,2669173.96,2250958.586,3573008.186,5823966.772,6.908025586,7.031836877,6.426376879,6.352367505,6.553034011,6.765218888,0,PAR,Experiment2,2.181936007,0.338842009,,,,,,,
18,63-N0,7798807.841,8813559.472,1014751.631,2380301.34,4488848.04,6869149.38,6.89202822,6.945151339,6.006359758,6.376631941,6.652134904,6.836902961,0,PAR,Experiment2,6.769291292,0.830543203,,,,,,,
37,11-N1,21947087.55,10864883.04,-11082204.51,,,,7.341376896,7.036025056,#NUM!,#NUM!,#NUM!,#NUM!,3,P,Experiment2,,#NUM!,,,,,,,
38,12-N1,19385213.68,14854678.36,-4530535.322,,,,7.287470593,7.171863253,#NUM!,#NUM!,#NUM!,#NUM!,3,P,Experiment2,,#NUM!,,,,,,,
39,13-N1,18457638.66,14600701.75,-3856936.909,,,,7.26617614,7.16437373,#NUM!,#NUM!,#NUM!,#NUM!,3,P,Experiment2,,#NUM!,,,,,,,
40,21-N1,2031278.871,9760380.117,7729101.246,7136965.857,60422848.35,67559814.21,6.307769551,6.989466732,6.888128996,6.853513619,7.781201194,7.829688447,3,PC,Experiment2,33.2597435,1.521918896,,,,,,,
41,22-N1,1515039.201,9152017.544,7636978.343,1949222.696,27536589.58,29485812.28,6.18042387,6.961516844,6.882921559,6.289861459,7.439910152,7.469613096,3,PC,Experiment2,19.46207878,1.289189226,,,,,,,
42,23-N1,1544578.048,8189269.006,6644690.957,5497873.394,49886191.57,55384064.96,6.188809858,6.913245137,6.822474787,6.740194735,7.69798035,7.743384828,3,PC,Experiment2,35.85708409,1.55457497,,,,,,,
43,31-N1,15433817.71,17471228.07,2037410.358,4533212.469,35490322,40023534.46,7.188473367,7.242323433,6.30907851,6.656406075,7.55010994,7.602315438,3,PAC,Experiment2,2.593236179,0.413842072,,,,,,,
44,32-N1,14956153.38,18788362.57,3832209.189,2981308.077,43735025.05,46716333.12,7.17481991,7.273888932,6.583449208,6.474406857,7.64082938,7.669468747,3,PAC,Experiment2,3.123552689,0.494648836,,,,,,,
45,33-N1,14253515.31,14444181.29,190665.9806,3730312.525,24873833.72,28604146.25,7.153921986,7.159692931,5.280273211,6.571745218,7.395742727,7.45642899,3,PAC,Experiment2,2.006813451,0.302507003,,,,,,,
46,41-N1,19171981.86,15288801.17,-3883180.686,8163515.74,71950148.09,80113663.83,7.282667009,7.184373433,#NUM!,6.911877234,7.857031692,7.903706594,3,PR,Experiment2,-20.63093899,0,,,,,,,
47,42-N1,16868890.38,16115701.75,-753188.6214,7838022.09,48276613.13,56114635.22,7.227086516,7.207249222,#NUM!,6.894206483,7.683736794,7.749076144,3,PR,Experiment2,-74.50276548,0,,,,,,,
48,43-N1,17370774.72,15601842.11,-1768932.612,4098670.448,35523840.6,39622511.04,7.239819188,7.193175878,#NUM!,6.612643,7.550519913,7.597941995,3,PR,Experiment2,-22.39910711,0,,,,,,,
49,51-N1,18982381.1,22751578.95,3769197.843,,,,7.278350688,7.357011542,6.576248934,#NUM!,#NUM!,#NUM!,3,PA,Experiment2,,#NUM!,,,,,,,
50,52-N1,19759372.42,23475116.96,3715744.541,,,,7.295773147,7.370607765,6.570045848,#NUM!,#NUM!,#NUM!,3,PA,Experiment2,,#NUM!,,,,,,,
51,53-N1,18937769.16,24101198.83,5163429.668,,,,7.277328819,7.382038646,6.712938266,#NUM!,#NUM!,#NUM!,3,PA,Experiment2,,#NUM!,,,,,,,
52,61-N1,24065418.6,25501023.39,1435604.79,4618687.182,61144946.63,65763633.82,7.38139342,7.40655761,6.157034899,6.664518549,7.78636057,7.817985802,3,PAR,Experiment2,45.80900976,1.660950904,,,,,,,
53,62-N1,24378291.13,28805672.51,4427381.385,4637805.724,59503230.75,64141036.47,7.387003259,7.459478019,6.646146935,6.666312552,7.774540547,7.807135974,3,PAR,Experiment2,14.48735288,1.160989039,,,,,,,
54,63-N1,24032290.92,27275906.43,3243615.51,4112309.95,59448237,63560546.96,7.380795173,7.435779192,6.511029368,6.614085841,7.77413898,7.803187626,3,PAR,Experiment2,19.59558609,1.292158257,,,,,,,
73,11-N2,42569067.93,47871637.43,5302569.495,,,,7.629094141,7.680078283,6.724486369,#NUM!,#NUM!,#NUM!,6,P,Experiment2,,#NUM!,,,,,,,
74,12-N2,43480079.11,53290789.47,9810710.361,,,,7.638290326,7.726652154,6.991700454,#NUM!,#NUM!,#NUM!,6,P,Experiment2,,#NUM!,,,,,,,
75,13-N2,44507037.17,52611549.71,8104512.536,,,,7.648428684,7.721081094,6.908726898,#NUM!,#NUM!,#NUM!,6,P,Experiment2,,#NUM!,,,,,,,
76,21-N2,186895.3242,9485730.994,9298835.67,2518329.427,11701674.41,14220003.83,5.271598436,6.977070804,6.968428573,6.40111254,7.06824801,7.152899714,6,PC,Experiment2,76.0853911,1.881301277,,,,,,,
77,22-N2,189655.9641,9462105.263,9272449.299,2177481.945,14581789.21,16759271.15,5.277966505,6.975987775,6.967194467,6.337954563,7.163810816,7.224255128,6,PC,Experiment2,88.36669719,1.946288623,,,,,,,
78,23-N2,192140.5401,9317397.661,9125257.121,2727339.36,15820526.88,18547866.24,5.283619007,6.969294631,6.96024511,6.43573918,7.199220943,7.268293955,6,PC,Experiment2,96.53280995,1.984674948,,,,,,,
79,31-N2,208428.3157,13466666.67,13258238.35,2266314.802,27073406.41,29339721.21,5.318956719,7.12926011,7.122485822,6.355320235,7.432542903,7.467455983,6,PAC,Experiment2,140.7664842,2.148499264,,,,,,,
80,32-N2,208428.3157,14048450.29,13840021.98,2172588.728,21657382.23,23829970.95,5.318956719,7.147628419,7.14113678,6.336977522,7.335605961,7.377123513,6,PAC,Experiment2,114.331735,2.058166794,,,,,,,
81,33-N2,271232.8745,13933274.85,13662041.98,2139761.76,16285692.48,18425454.24,5.433342327,7.144053204,7.135515615,6.330365422,7.21180623,7.265418203,6,PAC,Experiment2,67.93223084,1.832075877,,,,,,,
82,41-N2,52739265.48,42969298.25,-9769967.238,4440083.728,71095129.21,75535212.94,7.722134077,7.633158261,#NUM!,6.64739116,7.851839848,7.878149458,6,PR,Experiment2,-7.73136809,0,,,,,,,
83,42-N2,49625263.63,37432017.54,-12193246.08,5377166.057,83008778.92,88385944.97,7.695702827,7.573243236,#NUM!,6.730553448,7.919124025,7.94638321,6,PR,Experiment2,-7.248762501,0,,,,,,,
84,43-N2,51116009.2,43678070.18,-7437939.022,3312708.488,75208758.43,78521466.92,7.70855694,7.640263442,#NUM!,6.52018322,7.876268419,7.894988404,6,PR,Experiment2,-10.556885,0,,,,,,,
85,51-N2,44269622.14,53999561.4,9729939.267,,,,7.646105815,7.732390232,6.988110129,#NUM!,#NUM!,#NUM!,6,PA,Experiment2,,#NUM!,,,,,,,
86,52-N2,41707748.27,45021783.63,3314035.357,,,,7.620216744,7.653422696,6.520357138,#NUM!,#NUM!,#NUM!,6,PA,Experiment2,,#NUM!,,,,,,,
87,53-N2,44733409.65,47000438.6,2267028.949,,,,7.650632002,7.672101911,6.355457066,#NUM!,#NUM!,#NUM!,6,PA,Experiment2,,#NUM!,,,,,,,
88,61-N2,60181950.77,54531140.35,-5650810.421,6155885.055,63724810.11,69880695.17,7.779466261,7.73664458,#NUM!,6.789290502,7.80430855,7.844357217,6,PAR,Experiment2,-12.36649081,#NUM!,,,,,,,
89,62-N2,44899048.04,49820760.23,4921712.19,9281833.826,78805868.56,88087702.39,7.652237133,7.69741035,6.692116214,6.967633789,7.89655856,7.944915282,6,PAR,Experiment2,17.89777601,1.252799069,,,,,,,
90,63-N2,43430387.59,56450730.99,13020343.4,7010869.091,78169968.96,85180838.05,7.637793705,7.75166957,7.114622439,6.845771858,7.893039939,7.930341909,6,PAR,Experiment2,6.542134522,0.81571947,,,,,,,
109,11-N3,118293421.6,105031140.4,-13262281.24,,,,8.072960594,8.021318081,#NUM!,#NUM!,#NUM!,#NUM!,9,P,Experiment2,,#NUM!,,,,,,,
110,12-N3,120998848.7,117656140.4,-3342708.38,,,,8.082781238,8.070614597,#NUM!,#NUM!,#NUM!,#NUM!,9,P,Experiment2,,#NUM!,,,,,,,
111,13-N3,124711909.5,121155701.8,-3556207.701,,,,8.095907929,8.083343857,#NUM!,#NUM!,#NUM!,#NUM!,9,P,Experiment2,,#NUM!,,,,,,,
112,21-N3,776153.9202,10365789.47,9589635.554,1681468.603,21114034.32,22795502.93,5.889947855,7.015602384,6.981802102,6.225688762,7.324571223,7.357849178,9,PC,Experiment2,29.36982258,1.467901323,,,,,,,
113,22-N3,781951.264,9683596.491,8901645.227,1849419.235,20535071.28,22384490.52,5.893179686,6.986036684,6.949470282,6.26703537,7.312496215,7.349947214,9,PC,Experiment2,28.62645224,1.456767528,,,,,,,
114,23-N3,743302.3048,9589093.567,8845791.262,1689285.6,21213999.6,22903285.2,5.871165479,6.981777556,6.946736687,6.22770308,7.326622556,7.359897781,9,PC,Experiment2,30.81288064,1.488732302,,,,,,,
115,31-N3,902867.2936,16576403.51,15673536.22,2729787.6,37205087.2,39934874.8,5.955623921,7.21949031,7.195166992,6.436128857,7.570602327,7.601352327,9,PAC,Experiment2,44.23116784,1.645728406,,,,,,,
116,32-N3,786782.3839,15545730.99,14758948.61,1899356.004,17705584.73,19604940.73,5.895854628,7.191611148,7.169055421,6.278606374,7.248110274,7.292365534,9,PAC,Experiment2,24.91786945,1.396510906,,,,,,,
117,33-N3,876641.2141,13635000,12758358.79,3525628.635,32875977.54,36401606.17,5.942821885,7.134655142,7.105794811,6.547236565,7.516878675,7.561120547,9,PAC,Experiment2,41.52395026,1.618298662,,,,,,,
118,41-N3,93282023.7,80667105.26,-12614918.43,13134807.6,69383121.6,82517929.2,7.969797959,7.906696473,#NUM!,7.118423716,7.841253835,7.916548321,9,PR,Experiment2,-6.541297087,0,,,,,,,
119,42-N3,77642998.42,86160087.72,8517089.304,14114582.65,81678668.04,95793250.69,7.890102299,7.935306132,6.930291201,7.149668041,7.912108647,7.981334911,9,PR,Experiment2,11.24718167,0,,,,,,,
120,43-N3,131668722.1,82749122.81,-48919599.31,12399938.75,91586155.21,103986094,8.119482621,7.917763399,#NUM!,7.09341954,7.961829828,8.016975265,9,PR,Experiment2,-2.125653019,0,,,,,,,
121,51-N3,93530481.29,74701608.19,-18828873.1,,,,7.970953169,7.873329951,#NUM!,#NUM!,#NUM!,#NUM!,9,PA,Experiment2,,#NUM!,,,,,,,
122,52-N3,96677610.83,87311842.11,-9365768.722,,,,7.985325909,7.941073151,#NUM!,#NUM!,#NUM!,#NUM!,9,PA,Experiment2,,#NUM!,,,,,,,
123,53-N3,93268220.5,85347953.22,-7920267.281,,,,7.969733691,7.93119311,#NUM!,#NUM!,#NUM!,#NUM!,9,PA,Experiment2,,#NUM!,,,,,,,
124,61-N3,96084073.24,93070614.04,-3013459.204,6092732.748,138411880.5,144504613.3,7.982651406,7.968812579,#NUM!,6.784812129,8.141173369,8.159881712,9,PAR,Experiment2,-47.95306771,#NUM!,,,,,,,
125,62-N3,83509358.3,93011549.71,9502191.412,8432374.043,119943391.9,128375766,7.921735146,7.96853688,6.977823775,6.925949863,8.078976326,8.108483048,9,PAR,Experiment2,13.51012208,1.130659273,,,,,,,
126,63-N3,87567499.01,101782602.3,14215103.33,9706104.479,122222003.5,131928108,7.942342946,8.007673551,7.152750021,6.987044962,8.087149399,8.120337334,9,PAR,Experiment2,9.280840596,0.967587313,,,,,,,
145,11-N4,173312975.7,143526315.8,-29786659.87,,,,8.238831079,8.156931537,#NUM!,#NUM!,#NUM!,#NUM!,12,P,Experiment2,,#NUM!,,,,,,,
146,12-N4,174693295.6,153183333.3,-21509962.3,,,,8.242276238,8.185211516,#NUM!,#NUM!,#NUM!,#NUM!,12,P,Experiment2,,#NUM!,,,,,,,
147,13-N4,155589667.2,131920175.4,-23669491.79,,,,8.191980752,8.12031122,#NUM!,#NUM!,#NUM!,#NUM!,12,P,Experiment2,,#NUM!,,,,,,,
148,21-N4,2013610.775,14845818.71,12832207.94,1066208.52,6749797.68,7816006.2,6.303975526,7.171604153,7.108301388,6.027842149,6.829290755,6.892984895,12,PC,Experiment2,3.881587394,0.589009369,,,,,,,
149,22-N4,1953428.824,10460292.4,8506863.574,1103420.626,7835265.09,8938685.716,6.290797592,7.019543825,6.929769468,6.042741098,6.894053695,6.951273668,12,PC,Experiment2,4.57589527,0.660476076,,,,,,,
150,23-N4,1599514.783,10197456.14,8597941.357,925434.72,5055615.6,5981050.32,6.203988258,7.008491846,6.934394479,5.966345789,6.703774045,6.776777456,12,PC,Experiment2,3.739290429,0.572789198,,,,,,,
151,31-N4,2278080.082,16868771.93,14590691.85,963322.1305,5883844.434,6847166.565,6.357568987,7.227083466,7.164075885,5.983771537,6.769661182,6.835510893,12,PAC,Experiment2,3.005674217,0.477941906,,,,,,,
152,32-N4,2365316.304,18115029.24,15749712.94,1013571.36,9217623.6,10231194.96,6.373889225,7.258039039,7.197272642,6.00585433,6.96461897,7.00992636,12,PAC,Experiment2,4.325508155,0.636037135,,,,,,,
153,33-N4,2205199.187,16862865.5,14657666.31,2052560.732,9431510.453,11484071.19,6.343447824,7.226931376,7.166064831,6.312296016,6.97458125,7.060095876,12,PAC,Experiment2,5.207725113,0.716648052,,,,,,,
154,41-N4,173865103.7,249399122.8,75534019.15,7564329.568,136243335.9,143807665.5,8.240212424,8.396894922,7.878142594,6.878770442,8.134315269,8.157782036,12,PR,Experiment2,1.903879432,0.279639442,,,,,,,
155,42-N4,157356476.8,255379386,98022909.18,1726375.216,24507817.77,26234192.99,8.196884623,8.407185838,7.991327588,6.237135193,7.389304643,7.418867709,12,PR,Experiment2,0.267633283,-0.572459879,,,,,,,
156,43-N4,159675414.3,201955701.8,42280287.41,1637591.481,26809450.08,28447041.56,8.203238052,8.305256119,7.626137931,6.21420557,7.428287906,7.454037107,12,PR,Experiment2,0.67282044,-0.172100824,,,,,,,
157,51-N4,98278781.99,233097368.4,134818586.4,,,,7.992459765,8.367537371,8.129749769,#NUM!,#NUM!,#NUM!,12,PA,Experiment2,,#NUM!,,,,,,,
158,52-N4,114400919.3,223440350.9,109039431.6,,,,8.058429514,8.349161605,8.037583579,#NUM!,#NUM!,#NUM!,12,PA,Experiment2,,#NUM!,,,,,,,
159,53-N4,132455504.5,229376315.8,96920811.29,,,,8.122070011,8.360548573,7.986417041,#NUM!,#NUM!,#NUM!,12,PA,Experiment2,,#NUM!,,,,,,,
160,61-N4,169282441.3,259454824.6,90172383.22,795678,37829388.4,38625066.4,8.228611914,8.414061751,7.955073548,5.90073735,7.57782932,7.586869239,12,PAR,Experiment2,0.428346962,-0.368204309,,,,,,,
161,62-N4,141123913.9,230572368.4,89448454.5,1259704.884,52770349.14,54030054.02,8.149600613,8.362807261,7.951572841,6.100268813,7.722389968,7.732635402,12,PAR,Experiment2,0.604035635,-0.218937439,,,,,,,
162,63-N4,138308061.2,193140350.9,54832289.7,1176255.075,53221723.13,54397978.2,8.140847493,8.285873016,7.739036382,6.07050151,7.726088931,7.735582759,12,PAR,Experiment2,0.992079275,-0.003453623,,,,,,,
181,11-N5,255083130.8,172556432.7,-82526698.05,,,,8.406681739,8.236931154,#NUM!,#NUM!,#NUM!,#NUM!,14,P,Experiment2,,#NUM!,,,,,,,
182,12-N5,218477045.1,175302924,-43174121.17,,,,8.339405813,8.24378916,#NUM!,#NUM!,#NUM!,#NUM!,14,P,Experiment2,,#NUM!,,,,,,,
183,13-N5,206992783,183424269,-23568513.97,,,,8.315955204,8.263456797,#NUM!,#NUM!,#NUM!,#NUM!,14,P,Experiment2,,#NUM!,,,,,,,
184,21-N5,635775.379,8644064.327,8008288.948,2105127.803,2006106.112,4111233.915,5.803303705,6.93671799,6.903539735,6.323278467,6.302353901,6.613972187,14,PC,Experiment2,6.466488087,0.810668482,,,,,,,
185,22-N5,504368.9177,9704269.006,9199900.088,2273074.742,1283187.354,3556262.097,5.702748315,6.986962827,6.963783111,6.356613716,6.108290071,6.550993761,14,PC,Experiment2,7.050914463,0.848245446,,,,,,,
186,23-N5,395047.5759,9004356.725,8609309.149,1622244.248,1542782.397,3165026.644,5.596649401,6.954452692,6.934968303,6.210116243,6.188304675,6.50037737,14,PC,Experiment2,8.011760702,0.903727969,,,,,,,
187,31-N5,1929411.257,16236783.63,14307372.37,5584793.322,3559505.083,9144298.405,6.285424808,7.210500003,7.15555988,6.747007106,6.551389617,6.96115039,14,PAC,Experiment2,4.739424202,0.675725582,,,,,,,
188,32-N5,2323354.577,14975760.23,12652405.66,2758079.502,2453319.336,5211398.838,6.366115494,7.175388878,7.102173108,6.440606781,6.389754082,6.716954312,14,PAC,Experiment2,2.243049292,0.350838818,,,,,,,
189,33-N5,1726780.285,16369678.36,14642898.08,4364165.577,3178648.531,7542814.108,6.237237082,7.214040146,7.165627039,6.639901219,6.50224251,6.877533405,14,PAC,Experiment2,4.368137727,0.640296323,,,,,,,
190,41-N5,217704066,152415497.1,-65288568.88,3614359.302,128370808.6,131985167.9,8.33786654,8.183029127,#NUM!,6.558031323,8.108466277,8.120525129,14,PR,Experiment2,-2.021566258,0,,,,,,,
191,42-N5,202078843.9,181386549.7,-20692294.17,4648402.525,83805451.3,88453853.82,8.305520849,8.25860508,#NUM!,6.667303728,7.923272269,7.946716759,14,PR,Experiment2,-4.274724354,0,,,,,,,
192,43-N5,200146395.9,165202924,-34943471.94,3172138.206,144844710.7,148016848.9,8.301347774,8.21801773,#NUM!,6.501352101,8.160902641,8.170311154,14,PR,Experiment2,-4.235894165,0,,,,,,,
193,51-N5,156969987.2,158056140.4,1086153.154,,,,8.195816623,8.198811372,6.035891068,#NUM!,#NUM!,#NUM!,14,PA,Experiment2,,#NUM!,,,,,,,
194,52-N5,120253475.9,167506432.7,47252956.8,,,,8.080097639,8.22403149,7.674428989,#NUM!,#NUM!,#NUM!,14,PA,Experiment2,,#NUM!,,,,,,,
195,53-N5,104959530.7,139244152,34284621.39,,,,8.02102188,8.143776965,7.535099358,#NUM!,#NUM!,#NUM!,14,PA,Experiment2,,#NUM!,,,,,,,
196,61-N5,103800061.9,159001169.6,55201107.71,1174176.719,22092257.29,23266434,8.016197612,8.201400319,7.741947793,6.069733465,7.344240092,7.366729825,14,PAR,Experiment2,0.421484912,-0.375217968,,,,,,,
197,62-N5,168619887.8,151145614,-17474273.72,1238353.953,23165759.3,24404113.26,8.226908796,8.179395549,#NUM!,6.092844795,7.36484654,7.387463032,14,PAR,Experiment2,-1.396573823,0,,,,,,,
198,63-N5,125277840.6,170134795.3,44856954.68,1263804.688,30196995.11,31460799.8,8.097874259,8.230793143,7.651829786,6.101679962,7.479963729,7.497769759,14,PAR,Experiment2,0.701358352,-0.154060027,,,,,,,
217,11-N6,203597195.8,204746491.2,1149295.382,,,,8.308771792,8.311216468,6.060431662,#NUM!,#NUM!,#NUM!,18,P,Experiment2,,#NUM!,,,,,,,
218,12-N6,199124959.1,215437134.5,16312175.37,,,,8.2991257,8.333320564,7.212511882,#NUM!,#NUM!,#NUM!,18,P,Experiment2,,#NUM!,,,,,,,
219,13-N6,228829444.9,224533040.9,-4296403.995,,,,8.359511907,8.351280258,#NUM!,#NUM!,#NUM!,#NUM!,18,P,Experiment2,,#NUM!,,,,,,,
220,21-N6,618935.4754,9627485.38,9008549.905,2295606.584,19778238.1,22073844.69,5.791645376,6.983512868,6.954654889,6.360897462,7.296187601,7.343877983,18,PC,Experiment2,35.66420987,1.552232607,,,,,,,
221,22-N6,561790.2285,9184502.924,8622712.695,2081343.091,12719997.07,14801340.17,5.749574181,6.963055657,6.935643916,6.318343676,7.104487011,7.17030104,18,PC,Experiment2,26.34673836,1.420726859,,,,,,,
222,23-N6,398912.4719,8204035.088,7805122.616,1030301,13081762.4,14112063.4,5.600877615,6.914027509,6.89237973,6.012964121,7.116666257,7.149590519,18,PC,Experiment2,35.37634041,1.548712904,,,,,,,
223,31-N6,672905.9863,15403976.61,14731070.62,1355760.399,20171516.21,21527276.61,5.827954392,7.18763285,7.168234312,6.132182944,7.304738544,7.332989091,18,PAC,Experiment2,31.99150706,1.505034699,,,,,,,
224,32-N6,583185.1881,14367397.66,13784212.47,2073731.327,24976533.95,27050265.27,5.765806485,7.157378112,7.139381959,6.316752488,7.39753217,7.432171528,18,PAC,Experiment2,46.38366307,1.666365043,,,,,,,
225,33-N6,604994.2437,15548684.21,14943689.97,1999034.102,21590382.57,23589416.67,5.781751242,7.191693643,7.174457849,6.300820203,7.334260338,7.372717202,18,PAC,Experiment2,38.99114235,1.590965959,,,,,,,
226,41-N6,233246468.8,187617836.3,-45628632.58,394551.0744,42623656.07,43018207.14,8.367815078,8.273274123,#NUM!,5.59610323,7.629650699,7.633652306,18,PR,Experiment2,-0.942789751,0,,,,,,,
227,42-N6,207655336.6,190630117,-17025219.6,439219.1362,45032161.99,45471381.13,8.317343097,8.280191514,#NUM!,5.642681254,7.653522798,7.657738145,18,PR,Experiment2,-2.67082494,0,,,,,,,
228,43-N6,233329288,201970467.8,-31358820.2,0,48110951.01,48110951.01,8.367969256,8.305287871,#NUM!,#NUM!,7.682243942,7.682243942,18,PR,Experiment2,-1.534207942,0,,,,,,,
229,51-N6,238436471.9,150171052.6,-88265419.3,,,,8.377372687,8.176586225,#NUM!,#NUM!,#NUM!,#NUM!,18,PA,Experiment2,,#NUM!,,,,,,,
230,52-N6,212569275.7,148458187.1,-64111088.53,,,,8.327500493,8.171604153,#NUM!,#NUM!,#NUM!,#NUM!,18,PA,Experiment2,,#NUM!,,,,,,,
231,53-N6,238353652.7,172408771.9,-65944880.81,,,,8.377221812,8.236559358,#NUM!,#NUM!,#NUM!,#NUM!,18,PA,Experiment2,,#NUM!,,,,,,,
232,61-N6,216047682,116061403.5,-99986278.48,769912.4126,51736892.05,52506804.46,8.334549611,8.064687818,#NUM!,5.886441321,7.713800336,7.720215588,18,PAR,Experiment2,-0.525140102,0,,,,,,,
233,62-N6,214584542.8,109948245.6,-104636297.2,899728.2,49680910.2,50580638.4,8.331598435,8.041188304,#NUM!,5.954111333,7.696189544,7.703984306,18,PAR,Experiment2,-0.483394766,0,,,,,,,
234,63-N6,221651781.1,122233625.7,-99418155.35,626246.8212,47479237.15,48105483.97,8.345671225,8.087190694,#NUM!,5.796745534,7.676503733,7.682194588,18,PAR,Experiment2,-0.483870213,0,,,,,,,
253,11-N7,190677400.9,210180409.4,19503008.45,,,,8.280299224,8.322592234,7.290101609,#NUM!,#NUM!,#NUM!,21,P,Experiment2,,#NUM!,,,,,,,
254,12-N7,216627416.4,210121345,-6506071.351,,,,8.33571342,8.322470172,#NUM!,#NUM!,#NUM!,#NUM!,21,P,Experiment2,,#NUM!,,,,,,,
255,13-N7,212514062.9,212483918.1,-30144.73522,,,,8.327387674,8.327326066,#NUM!,#NUM!,#NUM!,#NUM!,21,P,Experiment2,,#NUM!,,,,,,,
256,21-N7,809695.6955,9913947.368,9104251.673,1315776.24,9202286.456,10518062.7,5.90832183,6.996246609,6.959244255,6.11918204,6.963895748,7.021935755,21,PC,Experiment2,12.99014278,1.113613925,,,,,,,
257,22-N7,771322.8003,9772192.982,9000870.182,1832104.129,9368390.078,11200494.21,5.887236169,6.989992035,6.954284498,6.262950153,6.971664965,7.049237186,21,PC,Experiment2,14.52115016,1.162001016,,,,,,,
258,23-N7,575593.4283,8939385.965,8363792.537,1316506.415,13860000.2,15176506.61,5.760115827,6.951307689,6.922403252,6.11942298,7.141763237,7.181171816,21,PC,Experiment2,26.3667128,1.421055989,,,,,,,
259,31-N7,974367.8681,13998245.61,13023877.75,1160873.8,9548136,10709009.8,5.988722954,7.146073609,7.114740311,6.06478501,6.979918596,7.029749316,21,PAC,Experiment2,10.99072553,1.041026362,,,,,,,
260,32-N7,1080652.506,14565263.16,13484610.65,3572556.539,9862211.381,13434767.92,6.033686065,7.163318336,7.129838411,6.552979111,6.993974307,7.128230169,21,PAC,Experiment2,12.4320888,1.094544104,,,,,,,
261,33-N7,834541.455,15079122.81,14244581.35,2957837.627,8128455.366,11086292.99,5.921447915,7.178376078,7.15364969,6.470974329,6.910008025,7.044786352,21,PAC,Experiment2,13.28429274,1.123338437,,,,,,,
262,41-N7,158819616,229464912.3,70645296.32,0,9987922.508,9987922.508,8.200904142,8.360716287,7.849083251,#NUM!,6.999475164,6.999475164,21,PR,Experiment2,0.141381281,-0.849608087,,,,,,,
263,42-N7,202907035.9,176956725.1,-25950310.71,0,21160755.8,21160755.8,8.307297107,8.247867072,#NUM!,#NUM!,7.325531175,7.325531175,21,PR,Experiment2,-0.81543362,#NUM!,,,,,,,
264,43-N7,162629299.1,209383040.9,46753741.85,8115.712707,17688195.85,17696311.56,8.21119879,8.320941503,7.669816375,3.909326665,7.247683538,7.247882756,21,PR,Experiment2,0.378500433,-0.421933619,,,,,,,
265,51-N7,216434171.6,217652046.8,1217875.2,,,,8.33532583,8.337762756,6.085602787,#NUM!,#NUM!,#NUM!,21,PA,Experiment2,,#NUM!,,,,,,,
266,52-N7,197551394.4,208615204.7,11063810.31,,,,8.295680099,8.319345958,7.043904721,#NUM!,#NUM!,#NUM!,21,PA,Experiment2,,#NUM!,,,,,,,
267,53-N7,208980443.7,212690643.3,3710199.539,,,,8.320105647,8.327748385,6.569397267,#NUM!,#NUM!,#NUM!,21,PA,Experiment2,,#NUM!,,,,,,,
268,61-N7,172236326.1,170223391.8,-2012934.273,0,62726999.6,62726999.6,8.236124753,8.23101924,#NUM!,#NUM!,7.797454515,7.797454515,21,PAR,Experiment2,-31.16197108,#NUM!,,,,,,,
269,62-N7,173837497.3,186820467.8,12982970.58,0,63208611.41,63208611.41,8.240143461,8.271424455,7.113374073,#NUM!,7.80077625,7.80077625,21,PAR,Experiment2,4.868578497,0.687402177,,,,,,,
270,63-N7,162159990.3,196329824.6,34169834.27,0,67577945.39,67577945.39,8.20994371,8.292986279,7.533642872,#NUM!,7.829804984,7.829804984,21,PAR,Experiment2,1.977707731,0.296162111,,,,,,,
289,11-N8,245476103.8,268801754.4,23325650.59,,,,8.390009222,8.429432099,7.367833766,#NUM!,#NUM!,#NUM!,24,P,Experiment2,,#NUM!,,,,,,,
290,12-N8,236531630.4,211657017.5,-24874612.83,,,,8.373889225,8.325632672,#NUM!,#NUM!,#NUM!,#NUM!,24,P,Experiment2,,#NUM!,,,,,,,
291,13-N8,241832059.1,257461403.5,15629344.44,,,,8.383513874,8.410712132,7.193940762,#NUM!,#NUM!,#NUM!,24,P,Experiment2,,#NUM!,,,,,,,
292,21-N8,1136831.529,10613859.65,9477028.12,3063099.443,6257518.204,9320617.647,6.05569611,7.02587334,6.976672169,6.486161096,6.796402122,6.969444693,24,PC,Experiment2,8.198767725,0.913748583,,,,,,,
293,22-N8,1054840.522,10297865.5,9243024.975,2816901.764,5606306.656,8423208.419,6.023186805,7.012747215,6.965814126,6.449771702,6.748676849,6.925477547,24,PC,Experiment2,7.985290895,0.902290742,,,,,,,
294,23-N8,743716.4008,9559561.404,8815845.003,2652599.75,6298968.859,8951568.609,5.871407359,6.980437967,6.945263946,6.423671724,6.799269461,6.951899145,24,PC,Experiment2,12.03626624,1.080491786,,,,,,,
295,31-N8,1407926.371,14057309.94,12649383.57,3523673.211,8570876.805,12094550.02,6.148579944,7.14790222,7.102069362,6.546995625,6.933025253,7.082589715,24,PAC,Experiment2,8.590328488,0.934009771,,,,,,,
296,32-N8,1502340.257,15430555.56,13928215.3,5411684.309,6726882.643,12138566.95,6.176768305,7.188381563,7.143895471,6.733332454,6.827813851,7.084167418,24,PAC,Experiment2,8.079772137,0.907399113,,,,,,,
297,33-N8,922053.7412,13950994.15,13028940.41,5413933.496,7181956.122,12595889.62,5.964756234,7.144605157,7.114909098,6.733512917,6.856242747,7.100228846,24,PAC,Experiment2,13.66068924,1.135472612,,,,,,,
298,41-N8,257070791.6,253740350.9,-3330440.678,0,31549652.8,31549652.8,8.410052735,8.404389536,#NUM!,#NUM!,7.498994584,7.498994584,24,PR,Experiment2,-9.47311658,#NUM!,,,,,,,
299,42-N8,241942484.7,279211842.1,37269357.44,0,37515197.6,37515197.6,8.383712136,8.445933834,7.571351905,#NUM!,7.574207238,7.574207238,24,PR,Experiment2,1.006596308,0.002855333,,,,,,,
300,43-N8,240727803.1,263175877.2,22448074.1,0,37987120.09,37987120.09,8.381526252,8.420246079,7.351179087,#NUM!,7.57963637,7.57963637,24,PR,Experiment2,1.692221788,0.228457282,,,,,,,
301,51-N8,210139912.5,241159649.1,31019736.61,,,,8.322508547,8.382304643,7.491638106,#NUM!,#NUM!,#NUM!,24,PA,Experiment2,,#NUM!,,,,,,,
302,52-N8,234157480,233983333.3,-174146.6889,,,,8.369508036,8.369184924,#NUM!,#NUM!,#NUM!,#NUM!,24,PA,Experiment2,,#NUM!,,,,,,,
303,53-N8,248623233.3,238723245.6,-9899987.713,,,,8.39554171,8.37789471,#NUM!,#NUM!,#NUM!,#NUM!,24,PA,Experiment2,,#NUM!,,,,,,,
304,61-N8,241887271.9,172851754.4,-69035517.48,0,28020554.15,28020554.15,8.383613016,8.237673792,#NUM!,#NUM!,7.44747672,7.44747672,24,PAR,Experiment2,-0.405886059,0,,,,,,,
305,62-N8,238960993.5,195532456.1,-43428537.38,0,77282414.1,77282414.1,8.378327015,8.291218856,#NUM!,#NUM!,7.88808068,7.88808068,24,PAR,Experiment2,-1.779530667,0,,,,,,,
306,63-N8,258727175.5,170149561.4,-88577614.12,0,30532586.02,30532586.02,8.412842047,8.230830834,#NUM!,#NUM!,7.484763589,7.484763589,24,PAR,Experiment2,-0.344698673,0,,,,,,,
325,11-N9,198103522.4,295912280.7,97808758.34,,,,8.296892198,8.471162989,7.990377746,#NUM!,#NUM!,#NUM!,30,P,Experiment2,,#NUM!,,,,,,,
326,12-N9,237580673.6,281382456.1,43801782.59,,,,8.375811109,8.449297016,7.641491785,#NUM!,#NUM!,#NUM!,30,P,Experiment2,,#NUM!,,,,,,,
327,13-N9,203238312.7,286476754.4,83238441.73,,,,8.308005581,8.457089388,7.920323941,#NUM!,#NUM!,#NUM!,30,P,Experiment2,,#NUM!,,,,,,,
328,21-N9,7512253.415,12802192.98,5289939.568,1106794.371,11419920.6,12526714.97,6.87577023,7.10728437,6.723450711,6.044066942,7.057663084,7.097837196,30,PC,Experiment2,1.667504313,0.222066966,,,,,,,
329,22-N9,7726479.074,14361491.23,6635012.154,1643381.1,14897540.4,16540921.5,6.887981633,7.157199537,6.821841723,6.215738288,7.173114572,7.218559701,30,PC,Experiment2,2.14080972,0.330578068,,,,,,,
330,23-N9,5538947.983,14154766.08,8615818.099,1301518.602,15227156.61,16528675.21,6.743427287,7.150902697,6.935296521,6.11445038,7.182618814,7.218238046,30,PC,Experiment2,2.984082042,0.474810759,,,,,,,
331,31-N9,10919987.36,21914342.11,10994354.74,4020943.714,16059312.84,20080256.55,7.038222136,7.340728437,7.041169746,6.604327994,7.205726958,7.302769257,30,PAC,Experiment2,1.838853461,0.264547122,,,,,,,
332,32-N9,9660031.291,21878903.51,12218872.22,2573712.3,20170437.3,22744149.6,6.984978533,7.340025553,7.087031123,6.410559998,7.304715314,7.356869703,30,PAC,Experiment2,2.354459206,0.37189117,,,,,,,
333,33-N9,4945962.523,19407061.4,14461098.88,2421805.515,17806675.81,20228481.33,6.694250821,7.28795978,7.160201296,6.384139264,7.250582852,7.305963279,30,PAC,Experiment2,4.089897818,0.611712458,,,,,,,
334,41-N9,207544911,235533771.9,27988860.96,6120.6,43431777.6,43437898.2,8.317112089,8.372053187,7.446985225,3.786793998,7.637807605,7.637868803,30,PR,Experiment2,1.551970916,0.190883578,,,,,,,
335,42-N9,177343510,235976754.4,58633244.4,0,52537356.54,52537356.54,8.2488153,8.372869224,7.768143926,#NUM!,7.720468217,7.720468217,30,PR,Experiment2,0.896033591,-0.047675709,,,,,,,
336,43-N9,198876501.5,248690350.9,49813849.34,6090.149254,45377702.09,45383792.24,8.298583472,8.395658935,7.697350103,3.784627936,7.6568425,7.656900782,30,PR,Experiment2,0.911067762,-0.04044932,,,,,,,
337,51-N9,216655022.8,329844736.8,113189714.1,,,,8.335768762,8.518309559,8.053806963,#NUM!,#NUM!,#NUM!,30,PA,Experiment2,,#NUM!,,,,,,,
338,52-N9,230292584.1,372592543.9,142299959.8,,,,8.362279953,8.57123416,8.153204777,#NUM!,#NUM!,#NUM!,30,PA,Experiment2,,#NUM!,,,,,,,
339,53-N9,209256507.7,355714912.3,146458404.6,,,,8.320678973,8.551102072,8.165714299,#NUM!,#NUM!,#NUM!,30,PA,Experiment2,,#NUM!,,,,,,,
340,61-N9,269328032.9,334806140.4,65478107.45,0,65809180.03,65809180.03,8.430281559,8.524793414,7.816096118,#NUM!,7.81828648,7.81828648,30,PAR,Experiment2,1.005056233,0.002190361,,,,,,,
341,62-N9,252598554.8,343444298.2,90845743.4,0,54960448.33,54960448.33,8.402430862,8.535856311,7.958304583,#NUM!,7.740050267,7.740050267,30,PAR,Experiment2,0.6049865,-0.218254316,,,,,,,
342,63-N9,147031683.4,330332017.5,183300334.1,12210.67332,55857725.09,55869935.76,8.16741093,8.51895067,8.263163257,4.086739612,7.747083244,7.747178172,30,PAR,Experiment2,0.304799967,-0.515985085,,,,,,,
361,11-N10,205943739.8,320807894.7,114864154.9,,,,8.313748595,8.506245047,8.060184522,#NUM!,#NUM!,#NUM!,33,P,Experiment2,,#NUM!,,,,,,,
362,12-N10,201195439.1,308625877.2,107430438.1,,,,8.303618131,8.489432337,8.031127347,#NUM!,#NUM!,#NUM!,33,P,Experiment2,,#NUM!,,,,,,,
363,13-N10,197275330.4,222244298.2,24968967.87,,,,8.295072779,8.346830628,7.397400591,#NUM!,#NUM!,#NUM!,33,P,Experiment2,,#NUM!,,,,,,,
364,21-N10,13930189.16,21892192.98,7962003.827,2516850.499,13558385.73,16075236.23,7.143957014,7.340289268,6.901022382,6.400857419,7.132207985,7.206157364,33,PC,Experiment2,1.153985495,0.06220035,,,,,,,
365,22-N10,17082839.97,22011798.25,4928958.274,2707449.446,8906083.703,11613533.15,7.232560073,7.342655524,6.692755142,6.432560356,6.949686772,7.064964364,33,PC,Experiment2,0.679836208,-0.167595709,,,,,,,
366,23-N10,12754156.54,19225438.6,6471282.057,2264452.454,6856428.366,9120880.82,7.105651743,7.283876256,6.810990329,6.354963206,6.836097943,6.960036781,33,PC,Experiment2,0.715130067,-0.145614962,,,,,,,
367,31-N10,20323831.27,32845672.51,12521841.25,2567600.177,15729094.27,18296694.45,7.308005581,7.516478158,7.097668194,6.409527397,7.196703715,7.262372636,33,PAC,Experiment2,0.900258136,-0.045632945,,,,,,,
368,32-N10,24266025.1,33772982.46,9506957.351,3380611.4,24941445,28322056.4,7.384998643,7.528569414,6.978041546,6.528995252,7.396921611,7.452124783,33,PAC,Experiment2,1.167148566,0.067126141,,,,,,,
369,33-N10,10664352.1,23684795.32,13020443.22,3216368.514,15711349.49,18927718,7.027934476,7.374469636,7.114625768,6.507365802,7.196213489,7.277098257,33,PAC,Experiment2,1.77485869,0.249163781,,,,,,,
370,41-N10,172374358.1,207980263.2,35605905.08,0,33689247.68,33689247.68,8.236472662,8.318022123,7.55152203,#NUM!,7.527491313,7.527491313,33,PR,Experiment2,0.946170238,-0.024030717,,,,,,,
371,42-N10,163264246.3,233894736.8,70630490.57,18331.24792,27930711.41,27949042.66,8.212891088,8.369020449,7.848992223,4.263192031,7.446081998,7.446366937,33,PR,Experiment2,0.395707894,-0.402625286,,,,,,,
372,43-N10,177426329.2,226452631.6,49026302.4,0,40924071.62,40924071.62,8.249018067,8.354977372,7.69042914,#NUM!,7.611978836,7.611978836,33,PR,Experiment2,0.834737062,-0.078450304,,,,,,,
373,51-N10,210940498.1,273940350.9,62999852.78,,,,8.324159967,8.437656008,7.799339535,#NUM!,#NUM!,#NUM!,33,PA,Experiment2,,#NUM!,,,,,,,
374,52-N10,228636200.1,292767105.3,64130905.13,,,,8.359144994,8.466522279,7.807067369,#NUM!,#NUM!,#NUM!,33,PA,Experiment2,,#NUM!,,,,,,,
375,53-N10,203818047,289311842.1,85493795.06,,,,8.309242636,8.461366211,7.931934596,#NUM!,#NUM!,#NUM!,33,PA,Experiment2,,#NUM!,,,,,,,
376,61-N10,230126945.7,221003947.4,-9122998.336,0,35213070.57,35213070.57,8.361967473,8.344400031,#NUM!,#NUM!,7.546703897,7.546703897,33,PAR,Experiment2,-3.859813329,#NUM!,,,,,,,
377,62-N10,222894069.1,234647807,11753737.97,0,22931644.49,22931644.49,8.348098513,8.3704165,7.070176004,#NUM!,7.3604352,7.3604352,33,PAR,Experiment2,1.951008654,0.290259196,,,,,,,
378,63-N10,199456235.9,225522368.4,26066132.49,0,45522599,45522599,8.299847619,8.353189624,7.416076598,#NUM!,7.658227049,7.658227049,33,PAR,Experiment2,1.746427055,0.242150451,,,,,,,
397,11-N11,205778101.4,346456578.9,140678477.5,,,,8.313399156,8.539648813,8.14822766,#NUM!,#NUM!,#NUM!,36,P,Experiment2,,#NUM!,,,,,,,
398,12-N11,195177244,339811842.1,144634598.1,,,,8.290429181,8.53123851,8.160272193,#NUM!,#NUM!,#NUM!,36,P,Experiment2,,#NUM!,,,,,,,
399,13-N11,206661506.2,365549122.8,158887616.6,,,,8.31525959,8.562945746,8.201090051,#NUM!,#NUM!,#NUM!,36,P,Experiment2,,#NUM!,,,,,,,
400,21-N11,32724625.89,43997017.54,11272391.65,3726131.661,12498244.83,16224376.49,7.51487469,7.643423238,7.05201607,6.571258196,7.096849028,7.210168016,36,PC,Experiment2,0.495784934,-0.304706675,,,,,,,
401,22-N11,46577517.13,43181929.82,-3395587.305,2934224.798,14108211.95,17042436.75,7.668176334,7.635302047,#NUM!,6.467493383,7.149471976,7.231531691,36,PC,Experiment2,0.365894058,-0.436644643,,,,,,,
402,23-N11,31598284.8,39567192.98,7968908.187,2711614.361,11974156.34,14685770.7,7.499663509,7.597335241,6.901398823,6.433227925,7.078244924,7.166896743,36,PC,Experiment2,0.464764806,-0.332766766,,,,,,,
403,31-N11,48189730.86,61689736.84,13500005.99,2952528.638,28845106.74,31797635.38,7.682954501,7.790212918,7.130333961,6.470194119,7.46007215,7.502394825,36,PAC,Experiment2,0.65984256,-0.180559676,,,,,,,
404,32-N11,54069893.94,66925789.47,12855895.54,3983732.17,29186561.9,33170294.06,7.732955518,7.825593503,7.109102335,6.600290133,7.465182939,7.520749322,36,PAC,Experiment2,0.61347067,-0.212206196,,,,,,,
405,33-N11,31752880.63,45512017.54,13759136.91,3541313.129,27720984.7,31262297.83,7.501783131,7.658126088,7.138591192,6.549164329,7.442808653,7.495020896,36,PAC,Experiment2,0.984549975,-0.006762235,,,,,,,
406,41-N11,157025200,297196929.8,140171729.8,0,35856642.19,35856642.19,8.195969355,8.473044319,8.146660433,#NUM!,7.554569617,7.554569617,36,PR,Experiment2,0.255805092,-0.592090815,,,,,,,
407,42-N11,175852764.4,306543859.6,130691095.2,0,38692792.21,38692792.21,8.2451492,8.486492621,8.116245998,#NUM!,7.587630071,7.587630071,36,PR,Experiment2,0.296062958,-0.528615926,,,,,,,
408,43-N11,195011605.6,369004386,173992780.3,6110.415973,29861602.86,29867713.28,8.290060458,8.567031528,8.240531228,3.786070776,7.475113115,7.475201974,36,PR,Experiment2,0.171660647,-0.765329254,,,,,,,
409,51-N11,234985672,390799122.8,155813450.8,,,,8.371041382,8.59195358,8.192604946,#NUM!,#NUM!,#NUM!,36,PA,Experiment2,,#NUM!,,,,,,,
410,52-N11,223501409.8,365017543.9,141516134,,,,8.349280267,8.562313738,8.150805956,#NUM!,#NUM!,#NUM!,36,PA,Experiment2,,#NUM!,,,,,,,
411,53-N11,225102581,387343859.6,162241278.6,,,,8.352380475,8.588096676,8.21016136,#NUM!,#NUM!,#NUM!,36,PA,Experiment2,,#NUM!,,,,,,,
412,61-N11,244592699,350753508.8,106160809.8,0,33427343.48,33427343.48,8.388443489,8.545002024,8.025964223,#NUM!,7.524101864,7.524101864,36,PAR,Experiment2,0.314874609,-0.501862359,,,,,,,
413,62-N11,258175047.5,354740350.9,96565303.34,0,39601605.92,39601605.92,8.411914266,8.549910591,7.984821109,#NUM!,7.597712798,7.597712798,36,PAR,Experiment2,0.410101812,-0.387108311,,,,,,,
414,63-N11,238740142.3,339989035.1,101248892.8,0,28534940.48,28534940.48,8.377925448,8.531464911,8.005390283,#NUM!,7.455376971,7.455376971,36,PAR,Experiment2,0.281829655,-0.550013311,,,,,,,
433,11-N12,262039943.5,347475438.6,85435495.14,,,,8.418367497,8.540924112,7.931638341,#NUM!,#NUM!,#NUM!,42,P,Experiment2,,#NUM!,,,,,,,
434,12-N12,226372475.4,327541228.1,101168752.7,,,,8.35482362,8.515265973,8.005046396,#NUM!,#NUM!,#NUM!,42,P,Experiment2,,#NUM!,,,,,,,
435,13-N12,221927845.1,349070175.4,127142330.4,,,,8.346211796,8.542912744,8.104290167,#NUM!,#NUM!,#NUM!,42,P,Experiment2,,#NUM!,,,,,,,
436,21-N12,102005645.9,95263377.19,-6742268.726,4892413.156,74886862.72,79779275.88,8.00862421,7.978925974,#NUM!,6.689523125,7.874405637,7.90189009,42,PC,Experiment2,0.782106472,-0.10673412,,,,,,,
437,22-N12,118873156,137324561.4,18451405.43,4069537.038,73740499.97,77810037,8.075083793,8.137748221,7.266029452,6.609545006,7.867706078,7.891035622,42,PC,Experiment2,0.654563567,-0.184048171,,,,,,,
438,23-N12,101508730.7,122816886,21308155.24,4351975.17,81968294.24,86320269.41,8.006503397,8.089258082,7.328545852,6.638686409,7.913645898,7.936112787,42,PC,Experiment2,0.850372857,-0.07039061,,,,,,,
439,31-N12,95877025.24,115175438.6,19298413.35,5778252.747,122842727.7,128620980.4,7.981714551,8.061359875,7.285521604,6.761796534,8.089349451,8.109311816,42,PAC,Experiment2,1.34152035,0.127597265,,,,,,,
440,32-N12,131351248.5,109283771.9,-22067476.59,3891969.568,103350702.9,107242672.4,8.118434205,8.038555676,#NUM!,6.590169436,8.014313434,8.030367628,42,PAC,Experiment2,0.816457199,-0.088066577,,,,,,,
441,33-N12,83233294.3,83635087.72,401793.4176,4083786.224,123610723.3,127694509.5,7.920297084,7.922388517,5.604002818,6.611063,8.092056148,8.106172224,42,PAC,Experiment2,1.534175844,0.18587514,,,,,,,
442,41-N12,172346751.7,323155701.8,150808950.1,0,25190619.05,25190619.05,8.236403102,8.509411823,8.178427116,#NUM!,7.40123884,7.40123884,42,PR,Experiment2,0.167036632,-0.777188276,,,,,,,
443,42-N12,171767017.3,306056578.9,134289561.7,0,26521582.44,26521582.44,8.234939774,8.485801719,8.128042256,#NUM!,7.423599433,7.423599433,42,PR,Experiment2,0.197495487,-0.704442823,,,,,,,
444,43-N12,164285683,322579824.6,158294141.5,0,24292661.4,24292661.4,8.215599718,8.508637201,8.199464842,#NUM!,7.385475097,7.385475097,42,PR,Experiment2,0.153465322,-0.813989745,,,,,,,
445,51-N12,213397467.6,346722368.4,133324900.8,,,,8.329189261,8.539981861,8.124911269,#NUM!,#NUM!,#NUM!,42,PA,Experiment2,,#NUM!,,,,,,,
446,52-N12,194238626.4,312435526.3,118196899.9,,,,8.288335598,8.494760411,8.072606086,#NUM!,#NUM!,#NUM!,42,PA,Experiment2,,#NUM!,,,,,,,
447,53-N12,214556936.4,343444298.2,128887361.8,,,,8.331542559,8.535856311,8.110210334,#NUM!,#NUM!,#NUM!,42,PA,Experiment2,,#NUM!,,,,,,,
448,61-N12,213618318.8,427610964.9,213992646.1,36662.49584,23537322.33,23573984.83,8.329638493,8.631048833,8.330398849,4.564222027,7.371757055,7.372433,42,PAR,Experiment2,0.110162593,-0.957965849,,,,,,,
449,62-N12,218145768.3,403512719.3,185366950.9,2967193.616,30850266.13,33817459.75,8.338746793,8.605857229,8.268032306,6.472345886,7.489258915,7.529140982,42,PAR,Experiment2,0.182435216,-0.738891325,,,,,,,
450,63-N12,241390356.7,412372368.4,170982011.7,1651186.012,16988869.41,18640055.42,8.382719916,8.615289557,8.232950423,6.217796001,7.230164478,7.270447199,42,PAR,Experiment2,0.10901764,-0.962503223,,,,,,,
469,11-N13,209090869.3,,-209090869.3,,,,8.320335068,#NUM!,#NUM!,#NUM!,#NUM!,#NUM!,45,P,Experiment2,,#NUM!,,,,,,,
470,12-N13,219884971.5,379857456.1,159972484.6,,,,8.342195548,8.579620655,8.20404529,#NUM!,#NUM!,#NUM!,45,P,Experiment2,,#NUM!,,,,,,,
471,13-N13,217538427.6,425307456.1,207769028.6,,,,8.337535985,8.628702996,8.317580809,#NUM!,#NUM!,#NUM!,45,P,Experiment2,,#NUM!,,,,,,,
472,21-N13,107361287.4,143910233.9,36548946.51,3766835.651,93390705.26,97157540.91,8.030847711,8.158091679,7.562874863,6.575976672,7.970303655,7.987476514,45,PC,Experiment2,0.904958792,-0.043371196,,,,,,,
473,22-N13,148163545.8,159798538,11634992.23,2845086.883,125904252.6,128749339.5,8.170741363,8.203572802,7.065766098,6.454095533,8.100040399,8.10974501,45,PC,Experiment2,0.868967726,-0.060996353,,,,,,,
474,23-N13,139881625.9,159709941.5,19828315.57,4139418.254,123694120.7,127833539,8.145760672,8.203331951,7.297285822,6.616939311,8.092349058,8.106644812,45,PC,Experiment2,0.91386941,-0.03911586,,,,,,,
475,31-N13,152194080.1,184413596.5,32219516.4,5296026.245,148790206.2,154086232.4,8.18239776,8.265792938,7.508119018,6.723950129,8.172574346,8.187763836,45,PAC,Experiment2,1.012432496,0.005366076,,,,,,,
476,32-N13,164368502.2,179983771.9,15615269.68,4924924.282,142030427.8,146955352,8.215818598,8.255233349,7.193549489,6.692399558,8.152381395,8.167185407,45,PAC,Experiment2,0.894060298,-0.04863319,,,,,,,
477,33-N13,128480183,123370614,-5109568.943,4916865.012,182780176,187697041,8.108836146,8.091211726,#NUM!,6.691688285,8.261929091,8.273457426,45,PAC,Experiment2,1.460902659,0.16462128,,,,,,,
478,41-N13,177950850.8,373434210.5,195483359.8,0,10532511.34,10532511.34,8.250300069,8.572214101,8.291109795,#NUM!,7.022531935,7.022531935,45,PR,Experiment2,0.053879324,-1.268577859,,,,,,,
479,42-N13,155120358.4,352348245.6,197227887.2,0,10387707.15,10387707.15,8.1906688,8.546972113,8.294968322,#NUM!,7.016519698,7.016519698,45,PR,Experiment2,0.052668552,-1.278448625,,,,,,,
480,43-N13,138584125.2,381673684.2,243089559,0,12375517.41,12375517.41,8.141713485,8.581692217,8.385766306,#NUM!,7.092563365,7.092563365,45,PR,Experiment2,0.050909292,-1.29320294,,,,,,,
481,51-N13,,420124561.4,420124561.4,,,,#NUM!,8.623378072,8.623378072,#NUM!,#NUM!,#NUM!,45,PA,Experiment2,,#NUM!,,,,,,,
482,52-N13,202741397.5,418264035.1,215522637.6,,,,8.306942436,8.621450523,8.333492893,#NUM!,#NUM!,#NUM!,45,PA,Experiment2,,#NUM!,,,,,,,
483,53-N13,221292897.9,445551754.4,224258856.5,,,,8.344967476,8.648898158,8.350749603,#NUM!,#NUM!,#NUM!,45,PA,Experiment2,,#NUM!,,,,,,,
484,61-N13,231093169.7,453436842.1,222343672.4,15276.03993,14142557.77,14157833.81,8.363787109,8.656516804,8.347024775,4.184010785,7.150527961,7.15099681,45,PAR,Experiment2,0.063675452,-1.196027964,,,,,,,
485,62-N13,244896369.4,438641228.1,193744858.7,158738.7531,12170988.63,12329727.38,8.388982347,8.642109449,8.287230187,5.200682965,7.085325857,7.090953474,45,PAR,Experiment2,0.063638991,-1.196276712,,,,,,,
486,63-N13,228884657.7,458309649.1,229424991.4,0,10662675.87,10662675.87,8.359616683,8.661159001,8.360640724,#NUM!,7.027866208,7.027866208,45,PAR,Experiment2,0.046475651,-1.332774516,,,,,,,
505,11-N14,,367852631.6,367852631.6,,,,#NUM!,8.565673867,8.565673867,#NUM!,#NUM!,#NUM!,48,P,Experiment2,,#NUM!,,,,,,,
506,12-N14,,354474561.4,354474561.4,,,,#NUM!,8.549585074,8.549585074,#NUM!,#NUM!,#NUM!,48,P,Experiment2,,#NUM!,,,,,,,
507,13-N14,,362359649.1,362359649.1,,,,#NUM!,8.55913983,8.55913983,#NUM!,#NUM!,#NUM!,48,P,Experiment2,,#NUM!,,,,,,,
508,21-N14,167156748.6,179407894.7,12251146.15,8470910.4,110819583.6,119290494,8.223123915,8.25384155,7.088176721,6.927930088,8.044616514,8.076605837,48,PC,Experiment2,0.713644498,-0.146518078,,,,,,,
509,22-N14,166908291,185521052.6,18612761.64,13869962.5,108427881.4,122297843.9,8.22247791,8.2683932,7.269810816,7.142075287,8.035140972,8.087418801,48,PC,Experiment2,0.732724799,-0.13505911,,,,,,,
510,23-N14,171518559.7,175864035.1,4345475.387,12029724.12,110097596.8,122127320.9,8.234311121,8.245177034,6.638037294,7.080255668,8.041777839,8.08681283,48,PC,Experiment2,0.712035602,-0.147498291,,,,,,,
511,31-N14,149571472.1,186096929.8,36525457.68,20869976.17,123671675.4,144541651.5,8.174848768,8.269739208,7.562595666,7.319521953,8.092270244,8.159993013,48,PAC,Experiment2,0.966371792,-0.014855756,,,,,,,
512,32-N14,147280141,198278947.4,50998806.37,14628437.34,105192983.1,119821420.5,8.168144191,8.297276605,7.707560012,7.165197936,8.021986771,8.078534464,48,PAC,Experiment2,0.813561283,-0.089609727,,,,,,,
513,33-N14,130992365.3,177591666.7,46599301.34,11123923.39,105927591,117051514.4,8.117245984,8.249422583,7.668379405,7.046257989,8.025009096,8.068377037,48,PAC,Experiment2,0.893575088,-0.048868947,,,,,,,
514,41-N14,,374585964.9,374585964.9,0,11821172.13,11821172.13,#NUM!,8.573551501,8.573551501,#NUM!,7.072660541,7.072660541,48,PR,Experiment2,0.031557969,-1.50089096,,,,,,,
515,42-N14,,396114912.3,396114912.3,0,12148134.27,12148134.27,#NUM!,8.597821192,8.597821192,#NUM!,7.084509584,7.084509584,48,PR,Experiment2,0.030668207,-1.513311609,,,,,,,
516,43-N14,,410201754.4,410201754.4,2035.676275,10221130.58,10223166.25,#NUM!,8.612997513,8.612997513,3.308708715,7.009498937,7.009585424,48,PR,Experiment2,0.024922288,-1.60341209,,,,,,,
517,51-N14,,453702631.6,453702631.6,,,,#NUM!,8.656771298,8.656771298,#NUM!,#NUM!,#NUM!,48,PA,Experiment2,,#NUM!,,,,,,,
518,52-N14,,429338596.5,429338596.5,,,,#NUM!,8.632799932,8.632799932,#NUM!,#NUM!,#NUM!,48,PA,Experiment2,,#NUM!,,,,,,,
519,53-N14,,432705263.2,432705263.2,,,,#NUM!,8.636192178,8.636192178,#NUM!,#NUM!,#NUM!,48,PA,Experiment2,,#NUM!,,,,,,,
520,61-N14,,487280701.8,487280701.8,0,8423208.419,8423208.419,#NUM!,8.687779212,8.687779212,#NUM!,6.925477547,6.925477547,48,PAR,Experiment2,0.017286152,-1.762301665,,,,,,,
521,62-N14,,472839473.7,472839473.7,0,11154678.83,11154678.83,#NUM!,8.674713725,8.674713725,#NUM!,7.047457071,7.047457071,48,PAR,Experiment2,0.023590837,-1.627256655,,,,,,,
522,63-N14,,464865789.5,464865789.5,0,8466237.411,8466237.411,#NUM!,8.667327587,8.667327587,#NUM!,6.927690443,6.927690443,48,PAR,Experiment2,0.018212219,-1.739637144,,,,,,,
541,11-N15,,456803508.8,456803508.8,,,,#NUM!,8.659729431,8.659729431,#NUM!,#NUM!,#NUM!,51,P,Experiment2,,#NUM!,,,,,,,
542,12-N15,,450867543.9,450867543.9,,,,#NUM!,8.654048973,8.654048973,#NUM!,#NUM!,#NUM!,51,P,Experiment2,,#NUM!,,,,,,,
543,13-N15,,441210526.3,441210526.3,,,,#NUM!,8.644645865,8.644645865,#NUM!,#NUM!,#NUM!,51,P,Experiment2,,#NUM!,,,,,,,
544,21-N15,163043395.1,190925438.6,27882043.52,10411120.27,197140255.8,207551376.1,8.21230321,8.280863797,7.445324601,7.017497463,8.294775316,8.317125617,51,PC,Experiment2,1.272982423,0.104822407,,,,,,,
545,22-N15,177398722.8,210549561.4,33150838.62,13891012.31,230953355.7,244844368.1,8.248950489,8.323354341,7.520494519,7.142733896,8.363524277,8.388890119,51,PC,Experiment2,1.380192395,0.13993963,,,,,,,
546,23-N15,184880057,202221491.2,17341434.2,9203757.012,200410285.1,209614042.2,8.266890066,8.305827309,7.239085012,6.963965144,8.301920006,8.321420373,51,PC,Experiment2,1.133783954,0.054530306,,,,,,,
547,31-N15,148053120.2,205233771.9,57180651.75,11274521.7,208619353.6,219893875.3,8.170417564,8.312248827,7.757249101,7.052098127,8.319354595,8.342213133,51,PAC,Experiment2,1.485236347,0.171795569,,,,,,,
548,32-N15,135133325.2,199563596.5,64430271.25,13329985.04,201883132.2,215213117.2,8.130762464,8.300081322,7.80908996,7.124829662,8.305100034,8.332868738,51,PAC,Experiment2,1.592598397,0.202106274,,,,,,,
549,33-N15,152497750.5,205366666.7,52868916.18,6664088.963,117190442.5,123854531.5,8.183263437,8.312529954,7.723200407,6.823740786,8.068892194,8.092911901,51,PAC,Experiment2,0.812172842,-0.090351537,,,,,,,
550,41-N15,,392305263.2,392305263.2,194011.4717,3347920.648,3541932.12,#NUM!,8.593624135,8.593624135,5.28782741,6.524775156,6.549240234,51,PR,Experiment2,0.00902851,-2.044383901,,,,,,,
551,42-N15,,394342982.5,394342982.5,0,2587363.072,2587363.072,#NUM!,8.595874117,8.595874117,#NUM!,6.412857375,6.412857375,51,PR,Experiment2,0.0065612,-2.183016741,,,,,,,
552,43-N15,,399835964.9,399835964.9,81427.051,2588565.951,2669993.002,#NUM!,8.601881856,8.601881856,4.910768706,6.413059234,6.426510123,51,PR,Experiment2,0.006677721,-2.175371733,,,,,,,
553,51-N15,,400190350.9,400190350.9,,,,#NUM!,8.602266613,8.602266613,#NUM!,#NUM!,#NUM!,51,PA,Experiment2,,#NUM!,,,,,,,
554,52-N15,,425440350.9,425440350.9,,,,#NUM!,8.628838678,8.628838678,#NUM!,#NUM!,#NUM!,51,PA,Experiment2,,#NUM!,,,,,,,
555,53-N15,,401430701.8,401430701.8,,,,#NUM!,8.603610585,8.603610585,#NUM!,#NUM!,#NUM!,51,PA,Experiment2,,#NUM!,,,,,,,
556,61-N15,,465928947.4,465928947.4,80657.49085,2322772.792,2403430.283,#NUM!,8.668319693,8.668319693,4.906644708,6.36600673,6.380831529,51,PAR,Experiment2,0.005158362,-2.287488164,,,,,,,
557,62-N15,,471244736.8,471244736.8,79115.80677,2308224.053,2387339.86,#NUM!,8.673246513,8.673246513,4.898263261,6.363277962,6.377914249,51,PAR,Experiment2,0.00506603,-2.295332263,,,,,,,
558,63-N15,,494279824.6,494279824.6,48829.16343,1383492.964,1432322.127,#NUM!,8.693972884,8.693972884,4.688679284,6.140976955,6.156040701,51,PAR,Experiment2,0.002897796,-2.537932183,,,,,,,
19,71-N0,4893234.3,8230614.035,3337379.735,,,,6.689596011,6.915432236,6.523405625,#NUM!,#NUM!,#NUM!,0,P,Experiment1,,#NUM!,,,,,,,
20,72-N0,7130732.975,9146111.111,2015378.137,,,,6.853134174,6.961236473,6.304356543,#NUM!,#NUM!,#NUM!,0,P,Experiment1,,#NUM!,,,,,,,
21,73-N0,7347443.21,8980730.994,1633287.784,,,,6.866136238,6.953311688,6.213062714,#NUM!,#NUM!,#NUM!,0,P,Experiment1,,#NUM!,,,,,,,
55,71-N1,10922471.94,16086169.59,5163697.654,,,,7.038320938,7.206452643,6.712960805,#NUM!,#NUM!,#NUM!,3,P,Experiment1,,#NUM!,,,,,,,
56,72-N1,12123350.31,14984619.88,2861269.57,,,,7.083622655,7.175645731,6.456558776,#NUM!,#NUM!,#NUM!,3,P,Experiment1,,#NUM!,,,,,,,
57,73-N1,11268932.25,16777222.22,5508289.972,,,,7.051882768,7.224720057,6.741016795,#NUM!,#NUM!,#NUM!,3,P,Experiment1,,#NUM!,,,,,,,
91,71-N2,37257596.68,36585921.05,-671675.6272,,,,7.571214837,7.563313993,#NUM!,#NUM!,#NUM!,#NUM!,6,P,Experiment1,,#NUM!,,,,,,,
92,72-N2,37875980.03,42898421.05,5022441.025,,,,7.578363879,7.632441308,6.700914846,#NUM!,#NUM!,#NUM!,6,P,Experiment1,,#NUM!,,,,,,,
93,73-N2,30874997.13,32324429.82,1449432.695,,,,7.489606926,7.509530873,6.161198053,#NUM!,#NUM!,#NUM!,6,P,Experiment1,,#NUM!,,,,,,,
127,71-N3,87595105.41,83546491.23,-4048614.185,,,,7.94247984,7.921928215,#NUM!,#NUM!,#NUM!,#NUM!,9,P,Experiment1,,#NUM!,,,,,,,
128,72-N3,78912892.79,94355263.16,15442370.37,,,,7.897147964,7.97476613,7.188713964,#NUM!,#NUM!,#NUM!,9,P,Experiment1,,#NUM!,,,,,,,
129,73-N3,75199832.07,76170833.33,971001.2677,,,,7.876216871,7.881788707,5.987219797,#NUM!,#NUM!,#NUM!,9,P,Experiment1,,#NUM!,,,,,,,
163,71-N4,129418800.6,142640350.9,13221550.32,,,,8.111997371,8.154242398,7.121282382,#NUM!,#NUM!,#NUM!,12,P,Experiment1,,#NUM!,,,,,,,
164,72-N4,83150475.1,134784795.3,51634320.22,,,,7.919864735,8.129640903,7.712938464,#NUM!,#NUM!,#NUM!,12,P,Experiment1,,#NUM!,,,,,,,
165,73-N4,79754887.97,133337719.3,53582831.33,,,,7.901757309,8.124953022,7.729025658,#NUM!,#NUM!,#NUM!,12,P,Experiment1,,#NUM!,,,,,,,
199,71-N5,202465333.5,89187134.5,-113278199,,,,8.306350673,7.950302211,#NUM!,#NUM!,#NUM!,#NUM!,14,P,Experiment1,,#NUM!,,,,,,,
200,72-N5,224771304.2,95064035.09,-129707269.1,,,,8.351740866,7.978016244,#NUM!,#NUM!,#NUM!,#NUM!,14,P,Experiment1,,#NUM!,,,,,,,
201,73-N5,190152879.3,87887719.3,-102265160,,,,8.279102906,7.943928195,#NUM!,#NUM!,#NUM!,#NUM!,14,P,Experiment1,,#NUM!,,,,,,,
235,71-N6,228194497.7,183896783.6,-44297714.12,,,,8.358305168,8.264574133,#NUM!,#NUM!,#NUM!,#NUM!,18,P,Experiment1,,#NUM!,,,,,,,
236,72-N6,247767434.9,193642397.7,-54125037.28,,,,8.394044225,8.287000451,#NUM!,#NUM!,#NUM!,#NUM!,18,P,Experiment1,,#NUM!,,,,,,,
237,73-N6,259417335.5,202059064.3,-57358271.18,,,,8.413998994,8.305478338,#NUM!,#NUM!,#NUM!,#NUM!,18,P,Experiment1,,#NUM!,,,,,,,
271,71-N7,174251593.2,222938304.1,48686710.85,,,,8.241176758,8.348184693,7.687410436,#NUM!,#NUM!,#NUM!,21,P,Experiment1,,#NUM!,,,,,,,
272,72-N7,195508520.8,209294444.4,13785923.63,,,,8.29116569,8.3207577,7.139435868,#NUM!,#NUM!,#NUM!,21,P,Experiment1,,#NUM!,,,,,,,
273,73-N7,213673531.6,189862280.7,-23811250.94,,,,8.329750728,8.278438693,#NUM!,#NUM!,#NUM!,#NUM!,21,P,Experiment1,,#NUM!,,,,,,,
307,71-N8,262978561,242429532.2,-20549028.87,,,,8.419920345,8.384585523,#NUM!,#NUM!,#NUM!,#NUM!,24,P,Experiment1,,#NUM!,,,,,,,
308,72-N8,237194184,256782163.7,19587979.78,,,,8.375104036,8.409564854,7.291989647,#NUM!,#NUM!,#NUM!,24,P,Experiment1,,#NUM!,,,,,,,
309,73-N8,267450797.7,268122514.6,671716.8769,,,,8.427243898,8.428333284,5.82718626,#NUM!,#NUM!,#NUM!,24,P,Experiment1,,#NUM!,,,,,,,
343,71-N9,286499213.4,339634649.1,53135435.77,,,,8.457123434,8.53101199,7.725384247,#NUM!,#NUM!,#NUM!,30,P,Experiment1,,#NUM!,,,,,,,
344,72-N9,297873049.9,351993859.6,54120809.73,,,,8.474031212,8.546535088,7.733364286,#NUM!,#NUM!,#NUM!,30,P,Experiment1,,#NUM!,,,,,,,
345,73-N9,257954196.3,333432894.7,75478698.4,,,,8.411542597,8.523008443,7.877824402,#NUM!,#NUM!,#NUM!,30,P,Experiment1,,#NUM!,,,,,,,
379,71-N10,269714522.5,283597368.4,13882845.92,,,,8.430904331,8.452702197,7.142478504,#NUM!,#NUM!,#NUM!,33,P,Experiment1,,#NUM!,,,,,,,
380,72-N10,267450797.7,253563157.9,-13887639.85,,,,8.427243898,8.404086152,#NUM!,#NUM!,#NUM!,#NUM!,33,P,Experiment1,,#NUM!,,,,,,,
381,73-N10,273855482.4,281382456.1,7526973.728,,,,8.43752144,8.449297016,6.8766204,#NUM!,#NUM!,#NUM!,33,P,Experiment1,,#NUM!,,,,,,,
415,71-N11,182643938.7,350310526.3,167666587.6,,,,8.261605264,8.544453187,8.224446526,#NUM!,#NUM!,#NUM!,36,P,Experiment1,,#NUM!,,,,,,,
416,72-N11,223335771.4,350975000,127639228.6,,,,8.348958289,8.545276183,8.105984171,#NUM!,#NUM!,#NUM!,36,P,Experiment1,,#NUM!,,,,,,,
417,73-N11,228525774.5,351816666.7,123290892.1,,,,8.35893519,8.54631641,8.090930995,#NUM!,#NUM!,#NUM!,36,P,Experiment1,,#NUM!,,,,,,,
451,71-N12,233798596.8,393279824.6,159481227.7,,,,8.3688419,8.594701667,8.20270957,#NUM!,#NUM!,#NUM!,42,P,Experiment1,,#NUM!,,,,,,,
452,72-N12,236642056,364485964.9,127843908.9,,,,8.37409193,8.56168081,8.106680041,#NUM!,#NUM!,#NUM!,42,P,Experiment1,,#NUM!,,,,,,,
453,73-N12,231093169.7,391419298.2,160326128.6,,,,8.363787109,8.592642234,8.205004306,#NUM!,#NUM!,#NUM!,42,P,Experiment1,,#NUM!,,,,,,,
487,71-N13,212955765.3,452462280.7,239506515.4,,,,8.328289402,8.65558238,8.379317332,#NUM!,#NUM!,#NUM!,45,P,Experiment1,,#NUM!,,,,,,,
488,72-N13,220519918.7,432882456.1,212362537.4,,,,8.343447824,8.636369985,8.327077906,#NUM!,#NUM!,#NUM!,45,P,Experiment1,,#NUM!,,,,,,,
489,73-N13,185349365.8,412505263.2,227155897.3,,,,8.267991104,8.615429494,8.356324016,#NUM!,#NUM!,#NUM!,45,P,Experiment1,,#NUM!,,,,,,,
523,71-N14,,472662280.7,472662280.7,,,,#NUM!,8.674550946,8.674550946,#NUM!,#NUM!,#NUM!,48,P,Experiment1,,#NUM!,,,,,,,
524,72-N14,,441830701.8,441830701.8,,,,#NUM!,8.645255891,8.645255891,#NUM!,#NUM!,#NUM!,48,P,Experiment1,,#NUM!,,,,,,,
525,73-N14,,475763157.9,475763157.9,,,,#NUM!,8.677390808,8.677390808,#NUM!,#NUM!,#NUM!,48,P,Experiment1,,#NUM!,,,,,,,
559,71-N15,,434122807,434122807,,,,#NUM!,8.637612602,8.637612602,#NUM!,#NUM!,#NUM!,51,P,Experiment1,,#NUM!,,,,,,,
560,72-N15,,436514912.3,436514912.3,,,,#NUM!,8.639999085,8.639999085,#NUM!,#NUM!,#NUM!,51,P,Experiment1,,#NUM!,,,,,,,
561,73-N15,,416403508.8,416403508.8,,,,#NUM!,8.61951438,8.61951438,#NUM!,#NUM!,#NUM!,51,P,Experiment1,,#NUM!,,,,,,,
28,101-N0,5856697.641,12057752.42,6201054.778,,,,6.767652804,7.081266362,6.792465568,#NUM!,#NUM!,#NUM!,0,PA,Experiment1,,#NUM!,,,,,,,
29,102-N0,5871881.16,12615714.49,6743833.333,,,,6.768777257,7.100911852,6.828906829,#NUM!,#NUM!,#NUM!,0,PA,Experiment1,,#NUM!,,,,,,,
30,103-N0,5808386.441,12589288,6780901.555,,,,6.764055503,7.100001169,6.831287439,#NUM!,#NUM!,#NUM!,0,PA,Experiment1,,#NUM!,,,,,,,
64,101-N1,7707706.723,22518274.85,14810568.13,,,,6.886925181,7.352535116,7.170571718,#NUM!,#NUM!,#NUM!,3,PA,Experiment1,,#NUM!,,,,,,,
65,102-N1,12704465.02,24750906.43,12046441.41,,,,7.103956382,7.393591108,7.080858773,#NUM!,#NUM!,#NUM!,3,PA,Experiment1,,#NUM!,,,,,,,
66,103-N1,13938471.08,27151871.35,13213400.27,,,,7.144215138,7.433799767,7.121014591,#NUM!,#NUM!,#NUM!,3,PA,Experiment1,,#NUM!,,,,,,,
100,101-N2,38271671.75,38388859.65,117187.8967,,,,7.582877433,7.584205211,5.06888276,#NUM!,#NUM!,#NUM!,6,PA,Experiment1,,#NUM!,,,,,,,
101,102-N2,30551082.04,40143070.18,9591988.132,,,,7.485026596,7.603610585,6.981908633,#NUM!,#NUM!,#NUM!,6,PA,Experiment1,,#NUM!,,,,,,,
102,103-N2,40572205.04,43430000,2857794.961,,,,7.608228612,7.637789829,6.456031066,#NUM!,#NUM!,#NUM!,6,PA,Experiment1,,#NUM!,,,,,,,
136,101-N3,44004600.7,46256464.33,2251863.625,,,,7.643498085,7.665172434,6.352542086,#NUM!,#NUM!,#NUM!,9,PA,Experiment1,,#NUM!,,,,,,,
137,102-N3,66586635.44,89721076.02,23134440.58,,,,7.823387071,7.952894473,7.364259002,#NUM!,#NUM!,#NUM!,9,PA,Experiment1,,#NUM!,,,,,,,
138,103-N3,96125482.84,94541197.66,-1584285.178,,,,7.982838534,7.9756211,#NUM!,#NUM!,#NUM!,#NUM!,9,PA,Experiment1,,#NUM!,,,,,,,
172,101-N4,82267070.32,222200000,139932929.7,,,,7.915226032,8.346744055,8.145919927,#NUM!,#NUM!,#NUM!,12,PA,Experiment1,,#NUM!,,,,,,,
173,102-N4,130567226.8,245176023.4,114608796.6,,,,8.11583418,8.389477997,8.059217952,#NUM!,#NUM!,#NUM!,12,PA,Experiment1,,#NUM!,,,,,,,
174,103-N4,186729685.8,242459064.3,55729378.54,,,,8.271213366,8.384638425,7.7460842,#NUM!,#NUM!,#NUM!,12,PA,Experiment1,,#NUM!,,,,,,,
208,101-N5,182069725.6,153980701.8,-28089023.81,,,,8.260237738,8.187466295,#NUM!,#NUM!,#NUM!,#NUM!,14,PA,Experiment1,,#NUM!,,,,,,,
209,102-N5,243350411,199164912.3,-44185498.75,,,,8.386232084,8.299212829,#NUM!,#NUM!,#NUM!,#NUM!,14,PA,Experiment1,,#NUM!,,,,,,,
210,103-N5,205778101.4,,,,,,8.313399156,#NUM!,#NUM!,#NUM!,#NUM!,#NUM!,14,PA,Experiment1,,#NUM!,,,,,,,
244,101-N6,225709921.8,85170760.23,-23209848.43,,,,8.35355065,7.930290524,#NUM!,#NUM!,#NUM!,#NUM!,18,PA,Experiment1,,#NUM!,,,,,,,
245,102-N6,278846719.4,205543859.6,-33670696.04,,,,8.445365539,8.312904507,#NUM!,#NUM!,#NUM!,#NUM!,18,PA,Experiment1,,#NUM!,,,,,,,
246,103-N6,203624802.2,203653801.2,38834262.08,,,,8.308830676,8.308892521,7.589215057,#NUM!,#NUM!,#NUM!,18,PA,Experiment1,,#NUM!,,,,,,,
280,101-N7,121821519.4,204451169.6,82629650.16,,,,8.085724012,8.310589599,7.917135914,#NUM!,#NUM!,#NUM!,21,PA,Experiment1,,#NUM!,,,,,,,
281,102-N7,200709566.5,204716959.1,4007392.6,,,,8.302568073,8.311153822,6.602861892,#NUM!,#NUM!,#NUM!,21,PA,Experiment1,,#NUM!,,,,,,,
282,103-N7,295057197.2,215791520.5,-79265676.71,,,,8.469906213,8.334034375,#NUM!,#NUM!,#NUM!,#NUM!,21,PA,Experiment1,,#NUM!,,,,,,,
316,101-N8,120060231.2,219010526.3,98950295.17,,,,8.079399175,8.340464989,7.995417094,#NUM!,#NUM!,#NUM!,24,PA,Experiment1,,#NUM!,,,,,,,
317,102-N8,244316635,245102193,785557.9675,,,,8.387953038,8.389347197,,#NUM!,#NUM!,#NUM!,24,PA,Experiment1,,#NUM!,,,,,,,
318,103-N8,171380527.7,236286842.1,64906314.4,,,,8.233961476,8.373439538,7.812286949,#NUM!,#NUM!,#NUM!,24,PA,Experiment1,,#NUM!,,,,,,,
352,101-N9,116664644,283242982.5,166578338.4,,,,8.06693926,8.452159159,8.221618526,#NUM!,#NUM!,#NUM!,30,PA,Experiment1,,#NUM!,,,,,,,
353,102-N9,179717660.3,306721052.6,127003392.3,,,,8.254590756,8.486743586,8.103815321,#NUM!,#NUM!,#NUM!,30,PA,Experiment1,,#NUM!,,,,,,,
354,103-N9,191367560.9,325016228.1,133648667.2,,,,8.281868322,8.511905046,8.125964632,#NUM!,#NUM!,#NUM!,30,PA,Experiment1,,#NUM!,,,,,,,
388,101-N10,178282127.6,189862280.7,11580153.14,,,,8.251107808,8.278438693,7.063714303,#NUM!,#NUM!,#NUM!,33,PA,Experiment1,,#NUM!,,,,,,,
389,102-N10,270818778.5,232831578.9,-37987199.53,,,,8.432678775,8.367041883,#NUM!,#NUM!,#NUM!,#NUM!,33,PA,Experiment1,,#NUM!,,,,,,,
390,103-N10,271923034.5,211036842.1,-60886192.35,,,,8.434445998,8.32435828,#NUM!,#NUM!,#NUM!,#NUM!,33,PA,Experiment1,,#NUM!,,,,,,,
424,101-N11,162408447.9,255512280.7,93103832.82,,,,8.210608616,8.407411778,7.96896756,#NUM!,#NUM!,#NUM!,36,PA,Experiment1,,#NUM!,,,,,,,
425,102-N11,227504337.8,251303947.4,23799609.61,,,,8.356989682,8.40019931,7.376569833,#NUM!,#NUM!,#NUM!,36,PA,Experiment1,,#NUM!,,,,,,,
426,103-N11,200643311.1,240007894.7,39364583.63,,,,8.302424686,8.380225527,7.595105662,#NUM!,#NUM!,#NUM!,36,PA,Experiment1,,#NUM!,,,,,,,
460,101-N12,187833941.8,230262280.7,42428338.93,,,,8.273774072,8.362222802,7.62765603,#NUM!,#NUM!,#NUM!,42,PA,Experiment1,,#NUM!,,,,,,,
461,102-N12,239126631.9,274427631.6,35300999.66,,,,8.378627947,8.438427837,7.547787004,#NUM!,#NUM!,#NUM!,42,PA,Experiment1,,#NUM!,,,,,,,
462,103-N12,192747880.9,280806578.9,88058698.08,,,,8.284989612,8.448407279,7.94477226,#NUM!,#NUM!,#NUM!,42,PA,Experiment1,,#NUM!,,,,,,,
496,101-N13,225047368.2,273674561.4,48627193.2,,,,8.352273938,8.437234431,7.686879202,#NUM!,#NUM!,#NUM!,45,PA,Experiment1,,#NUM!,,,,,,,
497,102-N13,200450066.3,267029824.6,66579758.25,,,,8.302006204,8.42655977,7.823342214,#NUM!,#NUM!,#NUM!,45,PA,Experiment1,,#NUM!,,,,,,,
498,103-N13,188496495.4,243773245.6,55276750.26,,,,8.27530328,8.38698604,7.742542503,#NUM!,#NUM!,#NUM!,45,PA,Experiment1,,#NUM!,,,,,,,
532,101-N14,,,,,,,#NUM!,#NUM!,#NUM!,#NUM!,#NUM!,#NUM!,48,PA,Experiment1,,#NUM!,,,,,,,
533,102-N14,,,,,,,#NUM!,#NUM!,#NUM!,#NUM!,#NUM!,#NUM!,48,PA,Experiment1,,#NUM!,,,,,,,
534,103-N14,,,,,,,#NUM!,#NUM!,#NUM!,#NUM!,#NUM!,#NUM!,48,PA,Experiment1,,#NUM!,,,,,,,
568,101-N15,,,,,,,#NUM!,#NUM!,#NUM!,#NUM!,#NUM!,#NUM!,51,PA,Experiment1,,#NUM!,,,,,,,
569,102-N15,,,,,,,#NUM!,#NUM!,#NUM!,#NUM!,#NUM!,#NUM!,51,PA,Experiment1,,#NUM!,,,,,,,
570,103-N15,,,,,,,#NUM!,#NUM!,#NUM!,#NUM!,#NUM!,#NUM!,51,PA,Experiment1,,#NUM!,,,,,,,
31,111-N0,5539224.047,12037102.25,6497878.201,218947.9614,445964.3569,664912.3182,6.743448932,7.08052195,6.812771566,5.340340906,5.64930015,5.822764379,0,PAC,Experiment1,0.120037087,-0.920684553,,,,,,,
32,112-N0,5720045.963,10795165.02,5075119.057,219152.5166,553340.1332,772492.6498,6.757399519,7.033229286,6.705446235,5.340746462,5.74299217,5.887894356,0,PAC,Experiment1,0.135050077,-0.869505163,,,,,,,
33,113-N0,5691059.244,11139016.93,5447957.685,169681.6138,531905.4048,701587.0186,6.755193107,7.046846864,6.736233726,5.229634786,5.725834403,5.846081545,0,PAC,Experiment1,0.123278811,-0.909111562,,,,,,,
67,111-N1,11325525.37,14972807.02,3647281.649,1810275.386,11017080,12827355.39,7.054058357,7.175303227,6.561969301,6.257744646,7.042066503,7.108137127,3,PAC,Experiment1,28.69990842,1.457880511,446947.6069,15545730.99,15098783.39,2234738.034,,,
68,112-N1,11090870.97,14869444.44,3778573.471,2103288.479,18496117.41,20599405.89,7.044965653,7.172294743,6.577327871,6.322898843,7.267080573,7.313854695,3,PAC,Experiment1,44.54819541,1.648830116,462407.1906,14234502.92,13772095.73,2312035.953,,,
69,113-N1,10469726.99,15268128.65,4798401.669,2365817.955,11636771.67,14002589.63,7.019935357,7.183785811,6.681096599,6.373981323,7.065832513,7.146208361,3,PAC,Experiment1,30.89053577,1.489825441,453297.0788,13351491.23,12898194.15,2266485.394,,,
103,111-N2,212707.3077,10150204.68,9937497.371,1078310.693,13668096.66,14746407.36,5.327782411,7.0064748,6.997277027,6.032743912,7.135708042,7.168686227,6,PAC,Experiment1,691.4773695,2.839777971,21325.94356,14689298.25,14667972.3,426518.8713,146892982.5,293359446,4265188.713
104,112-N2,266539.7866,9208128.655,8941588.868,1996069.218,17145827.22,19141896.44,5.425762046,6.964171379,6.951414697,6.300175597,7.234158443,7.281984962,6,PAC,Experiment1,918.3923197,2.963028243,20842.83157,15206111.11,15185268.28,416856.6315,152061111.1,303705365.6,4168566.315
105,113-N2,283655.7542,8015029.24,7731373.486,1966752.8,10743693.2,12710446,5.452791598,6.903905111,6.888256654,6.293749777,7.031153598,7.10416079,6,PAC,Experiment1,618.0089287,2.79099475,20566.76758,14349678.36,14329111.59,411335.3516,143496783.6,286582231.9,4113353.516
139,111-N3,426518.8713,14689298.25,14262779.37,1916723.154,23041459.19,24958182.34,5.629938251,7.167001049,7.154204164,6.282559389,7.362509979,7.397212953,9,PAC,Experiment1,709.0763509,2.850693001,35198.15928,17735422.81,17700224.65,703963.1856,354708456.1,354004493,
140,112-N3,416856.6315,15206111.11,14789254.48,3206448.399,27608822.83,30815271.22,5.619986715,7.18201816,7.169946282,6.506024255,7.44104789,7.488765995,9,PAC,Experiment1,717.8369901,2.856025834,42927.95112,14934621.93,14891693.98,858559.0225,298692438.6,297833879.6,
141,113-N3,411335.3516,14349678.36,13938343.01,3103460.255,25149854.66,28253314.91,5.614196036,7.156842167,7.144211148,6.491846188,7.40053548,7.45106941,9,PAC,Experiment1,733.6441098,2.865485435,38510.92721,16084471.49,16045960.56,770218.5443,321689429.8,320919211.3,
175,111-N4,1749141.468,12560029.24,10810887.77,961779.4742,5083866.09,6045645.564,6.242824936,7.09899065,7.033861359,5.983075504,6.706194103,6.781442682,12,PAC,Experiment1,53.38070745,1.727384325,113255.2537,14972807.02,14859551.76,11325525.37,299456140.4,297191035.3,
176,112-N4,1303298.117,12663391.81,11360093.7,912281.2388,5046896.344,5959177.582,6.115043768,7.102550044,7.055381913,5.960128744,6.703024385,6.775186328,12,PAC,Experiment1,53.73047434,1.730220675,110908.7097,14869444.44,14758535.73,11090870.97,297388888.9,295170714.7,
177,113-N4,1595649.887,12967573.1,11371923.21,1202908.99,5328042.466,6530951.456,6.202937606,7.112858705,7.055833918,6.080232771,6.726567678,6.814976456,12,PAC,Experiment1,62.37938644,1.795041099,104697.2699,15268128.65,15163431.39,10469726.99,,,
211,111-N5,2234738.034,15545730.99,13310992.96,1617208.501,3961059.853,5578268.354,6.349226621,7.191611148,7.124210454,6.208766016,6.597811405,6.746499403,14,PAC,Experiment1,26.22509032,1.418716993,,,,,,,
212,112-N5,2312035.953,14234502.92,11922466.97,1699736.101,4696607.024,6396343.126,6.363994583,7.153342306,7.076366128,6.230381499,6.671784223,6.805931753,14,PAC,Experiment1,23.99770484,1.380169707,,,,,,,
213,113-N5,2266485.394,13351491.23,11085005.83,1607957.694,3510830.003,5118787.697,6.355352925,7.125529775,7.044735926,6.206274618,6.545409801,6.709167117,14,PAC,Experiment1,18.04577422,1.256375519,,,,,,,
247,111-N6,715971.9694,14320146.2,13604174.23,910755.0599,8058654.168,8969409.228,5.85489602,7.155947452,7.133672185,5.959401593,6.906262519,6.952763839,18,PAC,Experiment1,12.5275983,1.097867819,,,,,,,
248,112-N6,757795.6645,10944619.88,10186824.22,722972.938,7783886.302,8506859.241,5.879552116,7.039200683,7.008038812,5.859122041,6.891196484,6.929769247,18,PAC,Experiment1,11.22579561,1.05021713,,,,,,,
249,113-N6,849310.8787,13050263.16,12200952.28,607163.52,10307090.4,10914253.92,5.929066687,7.115619269,7.086393729,5.78330567,7.013136085,7.037994053,18,PAC,Experiment1,12.8507172,1.108927367,,,,,,,
283,111-N7,821014.3192,10079327.49,9258313.166,1749834.457,4665715.805,6415550.262,5.914350732,7.003431556,6.966531867,6.242996964,6.668918282,6.807233912,21,PAC,Experiment1,3.667828119,0.564408976,,,,,,,
284,112-N7,900796.8136,9757426.901,8856630.087,3172417.569,5340363.647,8512781.216,5.954626841,6.989335306,6.947268506,6.501390346,6.727570831,6.930071472,21,PAC,Experiment1,6.531722176,0.815027704,,,,,,,
285,113-N7,888649.9979,9146111.111,8257461.113,1971316.74,5852871.468,7824188.208,5.948730744,6.961236473,6.916846537,6.29475641,6.767368987,6.893439289,21,PAC,Experiment1,4.903449227,0.690501683,,,,,,,
319,111-N8,,,,3409393.339,10689900.55,14099293.89,#NUM!,#NUM!,#NUM!,6.532677108,7.028973665,7.149197363,24,PAC,Experiment1,17.17301825,1.234846631,,,,,,,
320,112-N8,,,,2197320.797,9551183.602,11748504.4,#NUM!,#NUM!,#NUM!,6.341893466,6.980057194,7.069982584,24,PAC,Experiment1,13.04234675,1.115355743,,,,,,,
321,113-N8,,,,2753506.833,8715368.08,11468874.91,#NUM!,#NUM!,#NUM!,6.439886159,6.940285734,7.059520816,24,PAC,Experiment1,12.90595278,1.110790072,,,,,,,
355,111-N9,3610917.046,14844342.11,11233425.06,5413375.854,9335846.751,14749222.6,6.557617511,7.171560955,7.050512192,6.733468181,6.970153714,7.16876913,30,PAC,Experiment1,4.084619618,0.611151619,,,,,,,
356,112-N9,4245864.233,16368201.75,12122337.52,3514231.781,9603694.564,13117926.34,6.627966103,7.21400097,7.083586372,6.545830402,6.982438339,7.117865188,30,PAC,Experiment1,3.089577439,0.489899085,,,,,,,
357,113-N9,3341294.545,15207587.72,11866293.17,,,,6.523914762,7.18206033,7.074315074,#NUM!,#NUM!,#NUM!,30,PAC,Experiment1,0,#NUM!,,,,,,,
391,111-N10,12411837.19,45219649.12,32807811.94,,,,7.09383607,7.655327188,7.515977267,#NUM!,#NUM!,#NUM!,33,PAC,Experiment1,0,#NUM!,,,,,,,
392,112-N10,17298169.89,45051315.79,27753145.9,2869413.363,40359277.16,43228690.52,7.238000158,7.65370748,7.443312219,6.457793116,7.605943379,7.63577208,33,PAC,Experiment1,2.499032603,0.397771922,,,,,,,
393,113-N10,11473219.61,42304824.56,30831604.96,3931034.276,39281827.49,43212861.76,7.059685306,7.626389898,7.488996133,6.594506831,7.594191684,7.635613028,33,PAC,Experiment1,3.766411108,0.575927722,,,,,,,
427,111-N11,27396590.8,37662368.42,10265777.62,15098837.87,71113021.1,86211858.97,7.437696523,7.575907627,7.011391852,7.178943522,7.851949129,7.93556701,36,PAC,Experiment1,3.146809747,0.497870487,,,,,,,
428,112-N11,28141963.59,41817543.86,13675580.27,13033517.27,65332567.59,78366084.86,7.449354397,7.621358521,7.135945763,7.115061632,7.815129726,7.89412815,36,PAC,Experiment1,2.784670111,0.444773753,,,,,,,
429,113-N11,24983791.49,37919298.25,12935506.76,4657776.6,41197758.6,45855535.2,7.397658347,7.578860291,7.111783447,6.668178655,7.614873589,7.661391767,36,PAC,Experiment1,1.835411379,0.26373342,,,,,,,
463,111-N12,103827668.3,119538815.8,15711147.51,4798550.4,147592148.4,152390698.8,8.016313101,8.077508949,7.196207906,6.681110061,8.169063255,8.182958461,42,PAC,Experiment1,1.467727257,0.16664536,,,,,,,
464,112-N12,111253789.7,138343421.1,27089631.32,7583224.646,156238889.7,163822114.4,8.046314814,8.140958511,7.432803095,6.879853922,8.193789144,8.214372527,42,PAC,Experiment1,1.47250817,0.168057713,,,,,,,
465,113-N12,109763044.2,138210526.3,28447482.16,10931676.28,156667025.8,167598702.1,8.040456143,8.140541121,7.454043834,7.038686762,8.194977599,8.224270651,42,PAC,Experiment1,1.526913756,0.183814508,,,,,,,
499,111-N13,157770572.8,137915204.7,-19855368.1,5934387.232,192733267.6,198667654.9,8.198026002,8.139612148,#NUM!,6.773375882,8.284956685,8.298127165,45,PAC,Experiment1,1.259218696,0.100101163,,,,,,,
500,112-N13,191284741.7,169455555.6,-21829186.14,6524559.6,216448898.4,222973458,8.281680329,8.229055812,#NUM!,6.814551203,8.33535538,8.348253169,45,PAC,Experiment1,1.165662541,0.06657284,,,,,,,
501,113-N13,157880998.4,159237426.9,1356428.522,5031133.2,197462797.2,202493930.4,8.198329864,8.202045151,6.132396913,6.701665815,8.295485285,8.30641201,45,PAC,Experiment1,1.282573156,0.108082146,,,,,,,
535,111-N14,237442641.6,256619736.8,19177095.29,9203757.012,261687395.9,270891152.9,8.375558715,8.409290055,7.282782826,6.963965144,8.417782805,8.432794821,48,PAC,Experiment1,1.140869858,0.057236106,,,,,,,
536,112-N14,244565092.6,241514035.1,-3051057.522,0,57302270.11,57302270.11,8.388394469,8.382942374,#NUM!,#NUM!,7.758171827,7.758171827,48,PAC,Experiment1,0.234302735,-0.630222642,,,,,,,
537,113-N14,197937884,235578070.2,37640186.21,8622860.283,238382336.1,247005196.3,8.296528923,8.37213486,7.575651763,6.935651349,8.377274071,8.39270609,48,PAC,Experiment1,1.247892477,0.096177167,,,,,,,
571,111-N15,189766389.7,301981140.4,112214750.6,23942197.17,234682456.3,258624653.5,8.278219295,8.479979821,8.050049949,7.379164003,8.370480625,8.412669922,51,PAC,Experiment1,1.362858058,0.134450626,,,,,,,
572,112-N15,217483214.8,308360087.7,90876872.96,27824603.15,239693870.5,267518473.7,8.337425744,8.489058161,7.958453375,7.444428979,8.379656928,8.427353778,51,PAC,Experiment1,1.230064922,0.089928034,,,,,,,
573,113-N15,190014847.3,285059210.5,95044363.2,30129836.41,231483839.4,261613675.8,8.278787537,8.454935078,7.977926365,7.478996774,8.364520677,8.417660443,51,PAC,Experiment1,1.376806494,0.138872906,,,,,,,
22,81-N0,6052703.077,7831929.825,1779226.748,401978.6589,1324487.681,1726466.34,6.78194937,6.893868787,6.250231299,5.604202997,6.122047923,6.237158116,0,PC,Experiment1,0.285238895,-0.544791254,,,,,,,
23,82-N0,6965094.578,8564327.485,1599232.907,322324.4426,764107.5175,1086431.96,6.842927018,6.932693266,6.203911718,5.50829324,5.883154472,6.036002533,0,PC,Experiment1,0.15598237,-0.806924485,,,,,,,
24,83-N0,6000250.918,8723801.17,2723550.252,303687.6739,1097430.709,1401118.383,6.778169412,6.940705759,6.435135393,5.482427165,6.040377109,6.146474831,0,PC,Experiment1,0.233509965,-0.631694581,,,,,,,
58,81-N1,749789.8087,8924619.883,8174830.074,2039520.5,36879545.35,38919065.85,5.874939533,6.950589728,6.912478734,6.309528075,7.566785558,7.590162408,3,PC,Experiment1,51.90663489,1.715222874,,,,,,,
59,82-N1,784573.872,8706081.871,7921507.999,4210972.8,65677098.3,69888071.1,5.894633841,6.939822747,6.898807865,6.624382436,7.817413957,7.844403054,3,PC,Experiment1,89.07774474,1.949769213,,,,,,,
60,83-N1,809143.5675,9225847.953,8416704.386,3071483.821,44980309.73,48051793.55,5.908025586,6.965006293,6.925142074,6.487348232,7.653022442,7.681709603,3,PC,Experiment1,59.38599216,1.773684017,,,,,,,
94,81-N2,142449.0211,9246520.468,9104071.447,1963480.333,20363979.63,22327459.97,5.153659469,6.965978335,6.959235657,6.293026556,7.308862654,7.348839319,6,PC,Experiment1,#REF!,#REF!,,,,,,,
95,82-N2,130992.3653,9134298.246,9003305.88,1580560.932,14713881.66,16294442.6,5.117245984,6.960675188,6.954402005,6.198811243,7.167727259,7.212039509,6,PC,Experiment1,#REF!,#REF!,,,,,,,
96,83-N2,,9349883.041,9349883.041,2267442.71,15839473.89,18106916.6,#NUM!,6.970806178,6.970806178,6.355536323,7.199740752,7.257844501,6,PC,Experiment1,#REF!,#REF!,,,,,,,
130,81-N3,343423.609,10271286.55,9927862.941,1477082.194,27828554.06,29305636.25,5.535830148,7.011624845,6.996855773,6.169404663,7.444490641,7.466951155,9,PC,Experiment1,205.727186,2.313291686,,,,,,,
131,82-N3,269438.4585,9636345.029,9366906.571,1538310.8,18712714.4,20251025.2,5.430459585,6.983912342,6.971596188,6.187044089,7.272136789,7.306447014,9,PC,Experiment1,154.5969885,2.18920103,,,,,,,
132,83-N3,270956.8105,9627485.38,9356528.57,,,,5.432900071,6.983512868,6.971114748,#NUM!,#NUM!,#NUM!,9,PC,Experiment1,,,,,,,,,
166,81-N4,1658316.414,9222894.737,7564578.323,991769.5504,4621328.152,5613097.702,6.219667399,6.964867252,6.878784724,5.99641077,6.664766808,6.749202602,12,PC,Experiment1,16.34453065,1.213372454,,,,,,,
167,82-N4,1311580.037,8809444.444,7497864.407,1027036.68,4830377.52,5857414.2,6.117794798,6.944948521,6.874937582,6.011585954,6.683981075,6.767705936,12,PC,Experiment1,21.73933978,1.337246351,,,,,,,
168,83-N4,1229312.967,8313304.094,7083991.127,1071614.71,3194047.955,4265662.665,6.089662463,6.919773667,6.850278009,6.030038667,6.504341432,6.629986508,12,PC,Experiment1,15.74296161,1.197086436,,,,,,,
202,81-N5,791751.5358,8514122.807,7722371.271,1308935.776,4101739.867,5410675.643,5.898588914,6.93013991,6.887750678,6.116918338,6.612968114,6.7332515,14,PC,Experiment1,6.833805049,0.834662585,,,,,,,
203,82-N5,733916.129,7973684.211,7239768.082,2035033.216,1966505.338,4001538.554,5.865646432,6.901659032,6.859724654,6.308571502,6.29369513,6.602227006,14,PC,Experiment1,5.452310415,0.736580573,,,,,,,
204,83-N5,657170.3386,7663596.491,7006426.153,1309286.804,1755495.659,3064782.463,5.817677953,6.88443263,6.845496549,6.117034791,6.24439976,6.486399654,14,PC,Experiment1,4.663604371,0.668721701,,,,,,,
238,81-N6,505197.1097,7601578.947,7096381.838,1572120.8,14010430.63,15582551.43,5.703460857,6.88090381,6.851036976,6.196485914,7.146451484,7.192638569,18,PC,Experiment1,9.396609292,0.972971169,,,,,,,
239,82-N6,534735.9571,,,2447561.817,12715927.98,15163489.8,5.728139388,#NUM!,#NUM!,6.388733669,7.104348059,7.180799163,18,PC,Experiment1,11.56123863,1.063004365,,,,,,,
240,83-N6,424862.4873,7123157.895,6698295.407,2030910.916,15048315.82,17079226.74,5.628248387,6.852672571,6.825964297,6.307690874,7.177487897,7.232468204,18,PC,Experiment1,13.89331049,1.142805742,,,,,,,
274,81-N7,,,,1674119.151,6217938.435,7892057.585,#NUM!,#NUM!,#NUM!,6.223786364,6.793646418,6.897190245,21,PC,Experiment1,15.62173938,1.193729388,,,,,,,
275,82-N7,,,,1615165.414,6870571.062,8485736.476,#NUM!,#NUM!,#NUM!,6.208217006,6.836992836,6.928689541,21,PC,Experiment1,15.86902164,1.200550152,,,,,,,
276,83-N7,,,,2530868.1,8125096.5,10655964.6,#NUM!,#NUM!,#NUM!,6.403269512,6.909828528,7.027592769,21,PC,Experiment1,25.08097306,1.399344382,,,,,,,
310,81-N8,1512278.561,11721315.79,10209037.23,2008290.05,7326388.752,9334678.802,6.179631795,7.068976367,7.008984788,6.302826437,6.864889959,6.970099379,24,PC,Experiment1,6.172592168,0.790467583,,,,,,,
311,82-N8,1605312.127,10602046.78,8996734.656,1902449.684,7458907.762,9361357.446,6.205559487,7.025389716,6.954084912,6.279313179,6.872675237,6.971338828,24,PC,Experiment1,5.831487402,0.765779342,,,,,,,
312,83-N8,1194804.968,10994824.56,9800019.594,2063032.155,6463760.51,8526792.665,6.07729702,7.041188304,6.991226944,6.314505997,6.810485257,6.930785703,24,PC,Experiment1,7.136556087,0.853488683,,,,,,,
346,81-N9,7412318.249,18135701.75,10723383.51,1222.761376,2861261.62,2862484.382,6.869954058,7.258534365,7.030331838,3.087341712,6.456557569,6.456743126,30,PC,Experiment1,0.386179369,-0.413210932,,,,,,,
347,82-N9,10495953.07,17954078.95,7458125.882,3662.187258,3485588.45,3489250.637,7.02102188,7.254163131,6.872629709,3.563740547,6.542276108,6.542732166,30,PC,Experiment1,0.332437713,-0.478289714,,,,,,,
348,83-N9,7163860.654,16066973.68,8903113.03,467946.1496,4143154.517,4611100.667,6.85514713,7.205934082,6.949541887,5.670195878,6.61733113,6.663804604,30,PC,Experiment1,0.643661412,-0.191342526,,,,,,,
382,81-N10,18667447.3,22640833.33,3973386.034,8213845.2,37121439,45335284.2,7.271084934,7.354892408,6.599160761,6.914546514,7.569624803,7.656436343,33,PC,Experiment1,2.428574377,0.385351409,,,,,,,
383,82-N10,31686625.27,22313026.32,-9373598.958,7905944.452,41384203.06,49290147.51,7.500875988,7.348558478,#NUM!,6.897953759,7.616834596,7.692760118,33,PC,Experiment1,1.555550554,0.19188413,,,,,,,
384,83-N10,21273491.41,24492500,3219008.594,5196389.4,21201758.4,26398147.8,7.327838772,7.389033117,6.507722136,6.715701688,7.326371881,7.421573456,33,PC,Experiment1,1.240893998,0.093734684,,,,,,,
418,81-N11,28307601.98,41285964.91,12978362.93,6075864.718,28354035.35,34429900.07,7.451903081,7.615802439,7.113219915,6.783608095,7.452614876,7.536935762,36,PC,Experiment1,1.216277525,0.085032682,,,,,,,
419,82-N11,43314440.72,47620614.04,4306173.319,7039959.834,39631011.98,46670971.82,7.636632711,7.677794991,6.634091506,6.847570181,7.598035162,7.669046844,36,PC,Experiment1,1.077492195,0.032414133,,,,,,,
420,83-N11,36379713.18,44333684.21,7953971.033,7926811.917,27656985.06,35583796.98,7.560859271,7.646733823,6.900584005,6.899098554,7.441804835,7.551252288,36,PC,Experiment1,0.978121977,-0.009606983,,,,,,,
454,81-N12,103358359.5,97256798.25,-6101561.245,6807003.394,108276571,115083574.4,8.014345608,7.987919968,#NUM!,6.832955967,8.034534494,8.061013342,42,PC,Experiment1,1.113442348,0.046667735,,,,,,,
455,82-N12,129667258.2,109748903.5,-19918354.65,9703340.566,91729564.59,101432905.2,8.112830328,8.04040019,#NUM!,6.986921274,7.962509332,8.006178864,42,PC,Experiment1,0.78225534,-0.106651463,,,,,,,
456,83-N12,116388580,105451973.7,-10936606.34,4798550.4,93804315.6,98602866,8.06591037,8.023054713,#NUM!,6.681110061,7.972222819,7.993889538,42,PC,Experiment1,0.847186777,-0.072020831,,,,,,,
490,81-N13,139909232.3,160403947.4,20494715.02,7106611.87,214639215.6,221745827.4,8.145846374,8.205215052,7.311641884,6.851662597,8.331709072,8.345855457,45,PC,Experiment1,1.584926339,0.200009083,,,,,,,
491,82-N13,184852450.6,191102631.6,6250180.951,9080078.136,246787480.3,255867558.5,8.266825212,8.281266668,6.795892591,6.958089586,8.392323124,8.408015225,45,PC,Experiment1,1.384171849,0.141190013,,,,,,,
492,83-N13,164920630.2,187691666.7,22771036.43,10057744.69,262784549.4,272842294,8.217274986,8.273444991,7.357382798,7.002500607,8.419599827,8.435911692,45,PC,Experiment1,1.654385468,0.218636707,,,,,,,
526,81-N14,201692354.3,245367982.5,43675628.17,0,322111178.1,322111178.1,8.304689435,8.389817892,7.64023916,#NUM!,8.508005796,8.508005796,48,PC,Experiment1,1.597042085,0.203316361,,,,,,,
527,82-N14,197026872.8,250063596.5,53036723.71,11244823.26,298404667.8,309649491,8.294525464,8.398050473,7.724576688,7.050952634,8.474805612,8.49087037,48,PC,Experiment1,1.571610444,0.196344906,,,,,,,
528,83-N14,212458850.1,239830701.8,27371851.69,16756480.27,338268897.3,355025377.5,8.327274827,8.379904778,7.437304178,7.224182799,8.529262068,8.550259398,48,PC,Experiment1,1.671031249,0.222984571,,,,,,,
562,81-N15,210968104.5,289799122.8,78831018.31,19429346.51,270241774.1,289671120.6,8.324216801,8.462097067,7.896697137,7.288458194,8.431752483,8.461905199,51,PC,Experiment1,1.373056469,0.137688399,,,,,,,
563,82-N15,193934956,313631578.9,119696622.9,32751829.62,279673739.1,312425568.7,8.287656096,8.496419784,8.078081897,7.515235566,8.446651689,8.494746569,51,PC,Experiment1,1.610981203,0.207090473,,,,,,,
564,83-N15,230375403.3,306366666.7,75991263.37,47783452.91,277840614.3,325624067.2,8.362436109,8.486241511,7.880763665,7.679277529,8.443795731,8.512716497,51,PC,Experiment1,1.413449798,0.150280388,,,,,,,
25,91-N0,5801484.842,9196315.789,3394830.948,1476276.499,5624026.862,7100303.361,6.763539162,6.963613876,6.530818153,6.169167706,6.750047386,6.851276904,0,PR,Experiment1,2.091504252,0.320458752,,,,,,,
26,92-N0,6096873.316,9701315.789,3604442.474,4384889.268,11438258.55,15823147.82,6.785107171,6.986830642,6.556838099,6.641958631,7.058359909,7.199292885,0,PR,Experiment1,4.38990161,0.642454787,,,,,,,
27,93-N0,5812527.401,9645204.678,3832677.277,4379923.784,10653207.53,15033131.31,6.764365013,6.984311448,6.583502252,6.641466553,7.027480387,7.177049451,0,PR,Experiment1,3.922357721,0.593547199,,,,,,,
61,91-N1,17093882.53,21455116.96,4361234.428,9005371.571,97483910.42,106489282,7.232840715,7.331530886,6.639609432,6.954501637,7.988932942,8.027305899,3,PR,Experiment1,24.4172341,1.387696467,,,,,,,
62,92-N1,13071630.13,19810175.44,6738545.305,7818277.238,107683860.7,115502137.9,7.116329751,7.296888322,6.828566153,6.893111067,8.032150618,8.062590023,3,PR,Experiment1,17.14051516,1.23402387,,,,,,,
63,93-N1,9364090.689,20394912.28,11030821.59,8476088.193,106165145,114641233.2,6.971465611,7.309521842,7.042607861,6.928195467,8.025981957,8.059340849,3,PR,Experiment1,10.39281003,1.016732989,,,,,,,
97,91-N2,49525880.59,53583157.89,4057277.305,6088654.614,56396520.2,62485174.81,7.694832206,7.729028305,6.608234692,6.784521339,7.751252308,7.795776989,6,PR,Experiment1,15.40076512,1.187542297,,,,,,,
98,92-N2,41034152.12,49986140.35,8951988.228,5356203.86,65724490.86,71080694.72,7.613145464,7.698849604,6.951919502,6.728857098,7.81772723,7.851751664,6,PR,Experiment1,7.940213158,0.899832161,,,,,,,
99,93-N2,39786342.87,37183947.37,-2602395.5,6842830.8,51796597.6,58639428.4,7.599734021,7.570355492,#NUM!,6.835235801,7.714301233,7.768189728,6,PR,Experiment1,-22.53286574,#NUM!,,,,,,,
133,91-N3,74344033.68,77152777.78,2808744.095,6540820.299,153666646,160207466.3,7.871246121,7.887351567,6.448512172,6.815632218,8.186579612,8.204682752,9,PR,Experiment1,57.0388262,1.75617058,,,,,,,
134,92-N3,62349053.13,86603070.18,24254017.05,6710292.359,150957177,157667469.4,7.794829862,7.937533289,7.384783678,6.826741442,8.178853766,8.197742097,9,PR,Experiment1,6.500674468,0.812958419,,,,,,,
135,93-N3,61769318.74,73490789.47,11721470.73,9284604.518,151249989.8,160534594.3,7.790772811,7.866232913,7.068982108,6.96776341,8.179695354,8.205568635,9,PR,Experiment1,13.69577231,1.136586527,,,,,,,
169,91-N4,158792009.6,209530701.8,21915300.38,2495818.234,52273526.35,54769344.59,8.200828645,8.321247668,7.340747428,6.397212953,7.718281798,7.738537544,12,PR,Experiment1,5.508482287,0,,,,,,,
170,92-N4,131710131.7,213960526.3,-5076213.584,5502426.193,72925488.48,78427914.67,8.119619184,8.330333658,#NUM!,6.740554226,7.862879347,7.894470668,12,PR,Experiment1,-31.92297623,0,,,,,,,
171,93-N4,180407820.3,226482163.7,-55988814.47,4904627.221,68803283.86,73707911.08,8.256255359,8.355034005,#NUM!,6.690606004,7.837609167,7.867514103,12,PR,Experiment1,-2.072936212,0,,,,,,,
205,91-N5,203514376.6,185048538,-18465838.64,2103733.289,118616310.7,120720044,8.308595094,8.267285658,#NUM!,6.322990679,8.074144412,8.081779385,14,PR,Experiment1,-2.965981977,0,,,,,,,
206,92-N5,166024886.2,160064327.5,-5960558.727,3382356.509,158665489.1,162047845.6,8.220173191,8.204294554,#NUM!,6.529219381,8.200482475,8.209643261,14,PR,Experiment1,-13.15781259,0,,,,,,,
207,93-N5,211575445.3,163224269,-48351176.28,3189637.138,112871603.9,116061241,8.325465264,8.212784732,#NUM!,6.503741279,8.052584696,8.06468721,14,PR,Experiment1,-1.524428499,0,,,,,,,
241,91-N6,203238312.7,180707309.9,6292389.101,8151.742508,31612457.45,31620609.19,8.308005581,8.256975721,6.79881557,3.911250453,7.499858258,7.499970233,18,PR,Experiment1,#REF!,#REF!,,,,,,,
242,92-N6,192471816.9,126633918.1,21488709.44,0,36964209.93,36964209.93,8.284367146,8.102550044,7.332210334,#NUM!,7.567781428,7.567781428,18,PR,Experiment1,#REF!,#REF!,,,,,,,
243,93-N6,191257135.3,124419005.8,35225028.45,0,30586007.77,30586007.77,8.281617647,8.094886727,7.546851352,#NUM!,7.485522795,7.485522795,18,PR,Experiment1,#REF!,#REF!,,,,,,,
277,91-N7,197220117.6,199873684.2,2653566.635,0,11074142.2,11074142.2,8.294951213,8.300755618,6.423829998,#NUM!,7.044310096,7.044310096,21,PR,Experiment1,11.91626725,1.076140235,,,,,,,
278,92-N7,207820975,196388888.9,-11432086.07,0,17743962.64,17743962.64,8.317689378,8.293116913,#NUM!,#NUM!,7.249050614,7.249050614,21,PR,Experiment1,-3.233374005,0,,,,,,,
279,93-N7,203348738.3,199401169.6,-3947568.66,0,15353070.47,15353070.47,8.308241482,8.299727701,#NUM!,#NUM!,7.186195243,7.186195243,21,PR,Experiment1,-7.748062265,0,,,,,,,
313,91-N8,244592699,268757456.1,24164757.13,3047753.618,3975507.723,7023261.341,8.388443489,8.429360522,7.383182435,6.483979855,6.599392601,6.846538829,24,PR,Experiment1,0.458276578,-0.338872339,,,,,,,
314,92-N8,293290387.6,239077631.6,-54212756.04,4071.35255,5728393.038,5732464.39,8.46729783,8.378538945,#NUM!,3.609738711,6.758032808,6.758341366,24,PR,Experiment1,-0.327302354,0,,,,,,,
315,93-N8,264248455.4,235755263.2,-28493192.25,0,4071.35255,4071.35255,8.422012457,8.372461397,#NUM!,#NUM!,3.609738711,3.609738711,24,PR,Experiment1,-0.538832937,0,,,,,,,
349,91-N9,237801524.7,386236403.5,148434878.8,0,0,0,8.376214635,8.586853204,8.171535962,#NUM!,#NUM!,#NUM!,30,PR,Experiment1,0.047315438,-1.324997133,,,,,,,
350,92-N9,267947712.9,364707456.1,96759743.21,0,0,0,8.428050054,8.561944642,7.985694707,#NUM!,#NUM!,#NUM!,30,PR,Experiment1,0.059244312,-1.227353342,,,,,,,
351,93-N9,252708980.4,350443421.1,97734440.61,0,0,0,8.402620676,8.544617911,7.990047632,#NUM!,#NUM!,#NUM!,30,PR,Experiment1,4.17E-05,-4.380308921,,,,,,,
385,91-N10,257236430,296443859.6,39207429.7,0,0,0,8.410332474,8.471942459,7.593368372,#NUM!,#NUM!,#NUM!,33,PR,Experiment1,0,0,,,,,,,
386,92-N10,269824948.1,303841666.7,34016718.57,0,0,0,8.431082102,8.48264733,7.531692417,#NUM!,#NUM!,#NUM!,33,PR,Experiment1,0,0,,,,,,,
387,93-N10,270101012.1,295070614,24969601.95,0,0,0,8.431526212,8.46992596,7.397411619,#NUM!,#NUM!,#NUM!,33,PR,Experiment1,0,0,,,,,,,
421,91-N11,227808008.2,411132017.5,183324009.4,,,,8.357568987,8.613981299,8.263219347,#NUM!,#NUM!,#NUM!,36,PR,Experiment1,0,0,,,,,,,
422,92-N11,238960993.5,440058771.9,201097778.4,,,,8.378327015,8.643510682,8.303407273,#NUM!,#NUM!,#NUM!,36,PR,Experiment1,0,0,,,,,,,
423,93-N11,226924603.4,406746491.2,179821887.9,,,,8.355881585,8.609323815,8.254842553,#NUM!,#NUM!,#NUM!,36,PR,Experiment1,0,0,,,,,,,
457,91-N12,234267905.6,451886403.5,217618497.9,,,,8.369712795,8.655029274,8.337695808,#NUM!,#NUM!,#NUM!,42,PR,Experiment1,,#NUM!,,,,,,,
458,92-N12,232859979.2,433679824.6,200819845.3,,,,8.367094854,8.637169219,8.302806628,#NUM!,#NUM!,#NUM!,42,PR,Experiment1,,#NUM!,,,,,,,
459,93-N12,246635572.6,409847368.4,163211795.9,,,,8.392055716,8.612622151,8.212751543,#NUM!,#NUM!,#NUM!,42,PR,Experiment1,,#NUM!,,,,,,,
493,91-N13,199318203.9,490292982.5,290974778.5,,,,8.299546965,8.690455677,8.463855346,#NUM!,#NUM!,#NUM!,45,PR,Experiment1,,#NUM!,,,,,,,
494,92-N13,224163963.4,506151754.4,281987791,,,,8.350565797,8.704280747,8.450230305,#NUM!,#NUM!,#NUM!,45,PR,Experiment1,,#NUM!,,,,,,,
495,93-N13,230044126.5,498621052.6,268576926.1,,,,8.361811149,8.697770611,8.429068699,#NUM!,#NUM!,#NUM!,45,PR,Experiment1,,#NUM!,,,,,,,
529,91-N14,,505354386,505354386,,,,#NUM!,8.703596039,8.703596039,#NUM!,#NUM!,#NUM!,48,PR,Experiment1,,#NUM!,,,,,,,
530,92-N14,,524402631.6,524402631.6,,,,#NUM!,8.719664862,8.719664862,#NUM!,#NUM!,#NUM!,48,PR,Experiment1,,#NUM!,,,,,,,
531,93-N14,,509607017.5,509607017.5,,,,#NUM!,8.7072354,8.7072354,#NUM!,#NUM!,#NUM!,48,PR,Experiment1,,#NUM!,,,,,,,
565,91-N15,,506860526.3,506860526.3,,,,#NUM!,8.70488847,8.70488847,#NUM!,#NUM!,#NUM!,51,PR,Experiment1,,#NUM!,,,,,,,
566,92-N15,,513948245.6,513948245.6,,,,#NUM!,8.710919388,8.710919388,#NUM!,#NUM!,#NUM!,51,PR,Experiment1,,#NUM!,,,,,,,
567,93-N15,,518732456.1,518732456.1,,,,#NUM!,8.714943422,8.714943422,#NUM!,#NUM!,#NUM!,51,PR,Experiment1,,#NUM!,,,,,,,
34,121-N0,4695848.54,9012723.48,4316874.94,1373779.85,3610137.29,4983917.14,6.671714081,6.954856047,6.635169467,6.137917142,6.557523718,6.697570813,0,PAR,Experiment1,1.1545197,0.06240135,,,,,,,
35,122-N0,3612297.37,11654087,8041789.67,3898867.99,16826307.8,20725175.8,6.557783495,7.066478256,6.90535271,6.590938531,7.225988829,7.316498223,0,PAR,Experiment1,2.57718452,0.41114551,,,,,,,
36,123-N0,3679933.04,8189371.49,4509438.45,1769077.08,9466392.44,11235469.5,6.565839916,6.913250572,6.654122464,6.247746756,6.976184505,7.050591225,0,PAR,Experiment1,2.49154516,0.39646876,,,,,,,
70,121-N1,24945142.5,21044619.9,-3900522.6,7399713.74,31972751.6,39372465.3,7.396985989,7.323141086,#NUM!,6.869214919,7.504780014,7.595192609,3,PAR,Experiment1,-10.094151,0,,,,,,,
71,122-N1,24116950.5,20132076,-3984874.5,4656136.97,25636250.2,30292387.2,7.382322392,7.303888561,#NUM!,6.668025748,7.408854501,7.481333499,3,PAR,Experiment1,-7.6018422,0,,,,,,,
72,123-N1,22891226.4,22512368.4,-378857.99,5816603.42,21286877.4,27103480.9,7.359669061,7.352421187,#NUM!,6.764669454,7.328111959,7.433025071,3,PAR,Experiment1,-71.539948,0,,,,,,,
106,121-N2,38163086.6,41649210.5,3486123.94,2398026.65,25783875.7,28181902.4,7.581643493,7.619606773,6.542342823,6.379854005,7.411348199,7.449970307,6,PAR,Experiment1,8.08402191,0.90762748,,,,,,,
107,122-N2,30344954.3,35412017.5,5067063.28,3568598.03,26835694.4,30404292.4,7.482086488,7.54915067,6.704756328,6.552497631,7.428712838,7.482934901,6,PAR,Experiment1,6.00037748,0.77817857,,,,,,,
108,123-N2,37180298.8,41604912.3,4424613.52,3231676.8,43284883.2,46516560,7.570312876,7.619144611,6.645875342,6.50942792,7.63633625,7.66760759,6,PAR,Experiment1,10.5131352,1.02173225,,,,,,,
142,121-N3,64971661.1,84986184.2,20014523.1,0,100553680,100553680,7.81272397,7.92934833,7.301345246,#NUM!,8.002397969,8.002397969,9,PAR,Experiment1,3.87112072,0.58783671,,,,,,,
143,122-N3,52424552.5,79160964.9,26736412.4,16231.4254,104644000,104660231,7.719534732,7.898511079,7.427103131,4.21035666,8.019714332,8.019781689,9,PAR,Experiment1,3.21180033,0.50674854,,,,,,,
144,123-N3,66490013,88507894.7,22017881.7,0,101430177,101430177,7.822756418,7.94698201,7.342775534,#NUM!,8.006167183,8.006167183,9,PAR,Experiment1,3.2842361,0.51643437,,,,,,,
178,121-N4,80472654.4,215702924,34141673.1,2645318.24,64304395,66949713.3,7.905648327,8.333856032,7.5332848,6.422477926,7.808240657,7.825748722,12,PAR,Experiment1,1.96093826,0.29246392,,,,,,,
179,122-N4,79396004.8,214285380,40120661.9,3559223.18,91818173.3,95377396.4,7.899798649,8.330992542,7.603368089,6.551355221,7.962928648,7.979445463,12,PAR,Experiment1,2.37726378,0.37607737,,,,,,,
180,123-N4,47924709.4,180382456,80038156.1,2222342.54,98955296.6,101177639,7.680559488,8.256194296,7.903297075,6.346811,7.995439045,8.005084541,12,PAR,Experiment1,1.26411757,0.10178747,,,,,,,
214,121-N5,101978040,140927485,38949445.9,4149236.94,63347191,67496428,8.008506661,8.148995702,7.590501284,6.617968236,7.801727362,7.82928079,14,PAR,Experiment1,1.73292396,0.23877951,,,,,,,
215,122-N5,151117431,134696199,-16421232,2963944.66,85978823.1,88942767.8,8.179314562,8.129355341,#NUM!,6.471870091,7.934391496,7.94911064,14,PAR,Experiment1,-5.4163274,#NUM!,,,,,,,
216,123-N5,111309003,134666667,23357664.1,433097.87,6195501.73,6628599.6,8.046530293,8.129260111,7.368429409,5.636586048,6.792076483,6.821421786,14,PAR,Experiment1,0.28378692,-0.5470076,,,,,,,
250,121-N6,176570531,114614327,39132393.2,5218831.6,72259803.6,77478635.2,8.246918223,8.059238909,7.592536409,6.717573283,7.858896777,7.889181962,18,PAR,Experiment1,2.56957656,0.40986156,,,,,,,
251,122-N6,177564361,119516667,36721018.9,12559471.2,73312546.8,85872018,8.249355803,8.077428473,7.564914723,7.098971354,7.865178307,7.933851669,18,PAR,Experiment1,2.85014507,0.45486697,,,,,,,
252,123-N6,155479242,127962865,24903214.5,10254124.3,62057797.6,72311922,8.191672415,8.107083955,7.396255409,7.010898578,7.792796359,7.859209905,18,PAR,Experiment1,4.07297529,0.60991178,,,,,,,
286,121-N7,227697583,180175731,-47521852,0,46016586.5,46016586.5,8.357358421,8.255696293,#NUM!,#NUM!,7.6629144,7.6629144,21,PAR,Experiment1,-0.9683248,0,,,,,,,
287,122-N7,184300323,175568713,-8731609.2,0,33293351.3,33293351.3,8.265526096,8.244447126,#NUM!,#NUM!,7.522357513,7.522357513,21,PAR,Experiment1,-3.8129686,0,,,,,,,
288,123-N7,230568648,193790058,-36778590,0,40833873.1,40833873.1,8.362800253,8.287331493,#NUM!,#NUM!,7.611020575,7.611020575,21,PAR,Experiment1,-1.1102621,0,,,,,,,
322,121-N8,297652199,269864912,-27787286,0,12042730.8,12042730.8,8.473709095,8.431146421,#NUM!,#NUM!,7.080724978,7.080724978,24,PAR,Experiment1,-0.43339,0,,,,,,,
323,122-N8,268610267,256176754,-12433512,0,25382668,25382668,8.429122609,8.408539718,#NUM!,#NUM!,7.404537269,7.404537269,24,PAR,Experiment1,-2.0414721,0,,,,,,,
324,123-N8,302676563,238014474,-64662090,0,15553524.7,15553524.7,8.480978794,8.376603368,#NUM!,#NUM!,7.191828823,7.191828823,24,PAR,Experiment1,-0.2405354,0,,,,,,,
358,121-N9,232777160,235799561,3022401.35,16294.4426,2338252.51,2354546.96,8.366940365,8.372542992,6.480352135,4.212039509,6.368891409,6.371907357,30,PAR,Experiment1,0.77903186,-0.1084448,,,,,,,
359,122-N9,207931401,216839912,8908511.72,0,3545937.83,3545937.83,8.31792008,8.336139222,6.949805156,#NUM!,6.549731117,6.549731117,30,PAR,Experiment1,0.39803931,-0.400074,,,,,,,
360,123-N9,224163963,293032895,68868931.3,0,4968487.06,4968487.06,8.350565796,8.466916376,7.838023344,#NUM!,6.696224163,6.696224163,30,PAR,Experiment1,0.0721441,-1.1417992,,,,,,,
394,121-N10,229850882,323377193,93526311.3,0,0,0,8.361446175,8.509709387,7.970933806,#NUM!,#NUM!,#NUM!,33,PAR,Experiment1,0,0,,,,,,,
395,122-N10,223004495,244393421,21388926.4,0,0,0,8.348313617,8.388089511,7.330188986,#NUM!,#NUM!,#NUM!,33,PAR,Experiment1,0,0,,,,,,,
396,123-N10,215605980,314783333,99177353.7,0,0,0,8.333660802,8.498011729,7.996412516,#NUM!,#NUM!,#NUM!,33,PAR,Experiment1,0,0,,,,,,,
430,121-N11,235648226,381673684,146025459,0,0,0,8.372264175,8.581692217,8.16442858,#NUM!,#NUM!,#NUM!,36,PAR,Experiment1,,#NUM!,,,,,,,
431,122-N11,227587157,350709211,123122054,0,0,0,8.357147751,8.544947172,8.090335852,#NUM!,#NUM!,#NUM!,36,PAR,Experiment1,,#NUM!,,,,,,,
432,123-N11,275843143,400013158,124170015,0,0,0,8.440662193,8.602074277,8.094016734,#NUM!,#NUM!,#NUM!,36,PAR,Experiment1,,#NUM!,,,,,,,
466,121-N12,172567603,414055702,241488099,,,,8.236959267,8.61705877,8.382895733,#NUM!,#NUM!,#NUM!,42,PAR,Experiment1,,#NUM!,,,,,,,
467,122-N12,187226601,398861404,211634803,,,,8.272367553,8.600822014,8.325587088,#NUM!,#NUM!,#NUM!,42,PAR,Experiment1,,#NUM!,,,,,,,
468,123-N12,222949282,399304386,176355104,,,,8.348206078,8.601304081,8.246388033,#NUM!,#NUM!,#NUM!,42,PAR,Experiment1,,#NUM!,,,,,,,
502,121-N13,230016520,368295614,138279094,,,,8.361759029,8.566196547,8.140756525,#NUM!,#NUM!,#NUM!,45,PAR,Experiment1,,#NUM!,,,,,,,
503,122-N13,265463137,335249123,69785985.8,,,,8.424004222,8.52536765,7.843768218,#NUM!,#NUM!,#NUM!,45,PAR,Experiment1,,#NUM!,,,,,,,
504,123-N13,239292270,370776316,131484045,,,,8.37892867,8.569111985,8.118873056,#NUM!,#NUM!,#NUM!,45,PAR,Experiment1,,#NUM!,,,,,,,
538,121-N14,,482142105,482142105,,,,#NUM!,8.68317506,8.68317506,#NUM!,#NUM!,#NUM!,48,PAR,Experiment1,,#NUM!,,,,,,,
539,122-N14,,475940351,475940351,,,,#NUM!,8.677552527,8.677552527,#NUM!,#NUM!,#NUM!,48,PAR,Experiment1,,#NUM!,,,,,,,
540,123-N14,,453968421,453968421,,,,#NUM!,8.657025643,8.657025643,#NUM!,#NUM!,#NUM!,48,PAR,Experiment1,,#NUM!,,,,,,,
574,121-N15,,535388596,535388596,,,,#NUM!,8.728669116,8.728669116,#NUM!,#NUM!,#NUM!,51,PAR,Experiment1,,#NUM!,,,,,,,
575,122-N15,,539198246,539198246,,,,#NUM!,8.731748471,8.731748471,#NUM!,#NUM!,#NUM!,51,PAR,Experiment1,,#NUM!,,,,,,,
576,123-N15,,545045614,545045614,,,,#NUM!,8.736432849,8.736432849,#NUM!,#NUM!,#NUM!,51,PAR,Experiment1,,#NUM!,,,,,,,