X0	name	pro	total	bac	ph	pl	pt	Pro	Total	Bac	Ph	Pl	Pt	time	type	pro_type	vbr	vbr2
1	11-N0	9427585.408	12182017.54	2754432.136	NA	NA	NA	6.974400476	7.085719221	6.440032077	#NUM!	#NUM!	#NUM!	0	P	AS9601	NA	
2	12-N0	9176367.173	11691783.63	2515416.453	NA	NA	NA	6.962670783	7.067880769	6.400609897	#NUM!	#NUM!	#NUM!	0	P	AS9601	NA	
3	13-N0	8660127.503	12598421.05	3938293.549	NA	NA	NA	6.937524286	7.100316119	6.595308084	#NUM!	#NUM!	#NUM!	0	P	AS9601	NA	
4	21-N0	7989291.997	9654064.327	1664772.33	472946.1963	1234304.027	1707250.223	6.902508294	6.984710188	6.221354849	5.674811737	6.091422146	6.232297178	0	PC	AS9601	0.213692305	-0.670211116
5	22-N0	6971996.178	9045701.754	2073705.577	584804.4686	1304187.371	1888991.84	6.84335714	6.956442265	6.316747096	5.767010683	6.115339991	6.276230082	0	PC	AS9601	0.270939885	-0.567127058
6	23-N0	6005772.197	9178596.491	3172824.294	367236	739363.0455	1106599.046	6.778568855	6.962776278	6.501446022	5.564945248	5.86885774	6.043990291	0	PC	AS9601	0.184255914	-0.734578564
7	31-N0	6780131.702	13034759.72	6254628.018	287508.4731	1102319.72	1389828.193	6.83123813	7.11510303	6.796201486	5.458650648	6.042307577	6.142961117	0	PAC	AS9601	0.204985427	-0.688277013
8	32-N0	7986531.357	12522950.37	4536419.013	239802.6652	938039.6275	1177842.293	6.902358201	7.097706659	6.656713162	5.379854006	5.972221186	6.071087144	0	PAC	AS9601	0.147478579	-0.831271057
9	33-N0	7271525.612	11371967.47	4100441.863	318786.9047	880633.5565	1199420.461	6.861625538	7.055835609	6.612830659	5.503500473	5.94479523	6.078971453	0	PAC	AS9601	0.164947567	-0.782654085
10	41-N0	7797427.521	9361695.906	1564268.386	1550010.204	3955786.954	5505797.159	6.891951347	6.97135453	6.194311268	6.190334557	6.597232894	6.740820207	0	PR	AS9601	3.519726672	0.546508939
11	42-N0	7421980.489	8242426.901	820446.412	2250958.586	3573008.186	5823966.772	6.870519808	6.916055104	5.91405022	6.352367505	6.553034011	6.765218888	0	PR	AS9601	7.098534025	0.851168668
12	43-N0	7840217.44	9338070.175	1497852.735	2380301.34	4488848.04	6869149.38	6.894328108	6.970257133	6.175469117	6.376631941	6.652134904	6.836902961	0	PR	AS9601	4.58599782	0.661433844
13	51-N0	8385443.829	13485764.62	5100320.792	NA	NA	NA	6.923526054	7.129875575	6.707597493	#NUM!	#NUM!	#NUM!	0	PA	AS9601	NA	#NUM!
14	52-N0	8265355.991	10765480.41	2500124.414	NA	NA	NA	6.917261564	7.032033415	6.397961621	#NUM!	#NUM!	#NUM!	0	PA	AS9601	NA	#NUM!
15	53-N0	7528265.126	12312898.75	4784633.627	NA	NA	NA	6.876694905	7.090360308	6.679848688	#NUM!	#NUM!	#NUM!	0	PA	AS9601	NA	#NUM!
16	61-N0	7579336.965	10317980.73	2738643.762	1550010.204	3955786.954	5505797.159	6.879631216	7.013594712	6.437535544	6.190334557	6.597232894	6.740820207	0	PAR	AS9601	2.010410129	0.303284664
17	62-N0	8091435.675	10760609.64	2669173.96	2250958.586	3573008.186	5823966.772	6.908025586	7.031836877	6.426376879	6.352367505	6.553034011	6.765218888	0	PAR	AS9601	2.181936007	0.338842009
18	63-N0	7798807.841	8813559.472	1014751.631	2380301.34	4488848.04	6869149.38	6.89202822	6.945151339	6.006359758	6.376631941	6.652134904	6.836902961	0	PAR	AS9601	6.769291292	0.830543203
37	11-N1	21947087.55	10864883.04	-11082204.51	NA	NA	NA	7.341376896	7.036025056	#NUM!	#NUM!	#NUM!	#NUM!	3	P	AS9601	NA	#NUM!
38	12-N1	19385213.68	14854678.36	-4530535.322	NA	NA	NA	7.287470593	7.171863253	#NUM!	#NUM!	#NUM!	#NUM!	3	P	AS9601	NA	#NUM!
39	13-N1	18457638.66	14600701.75	-3856936.909	NA	NA	NA	7.26617614	7.16437373	#NUM!	#NUM!	#NUM!	#NUM!	3	P	AS9601	NA	#NUM!
40	21-N1	2031278.871	9760380.117	7729101.246	7136965.857	60422848.35	67559814.21	6.307769551	6.989466732	6.888128996	6.853513619	7.781201194	7.829688447	3	PC	AS9601	33.2597435	1.521918896
41	22-N1	1515039.201	9152017.544	7636978.343	1949222.696	27536589.58	29485812.28	6.18042387	6.961516844	6.882921559	6.289861459	7.439910152	7.469613096	3	PC	AS9601	19.46207878	1.289189226
42	23-N1	1544578.048	8189269.006	6644690.957	5497873.394	49886191.57	55384064.96	6.188809858	6.913245137	6.822474787	6.740194735	7.69798035	7.743384828	3	PC	AS9601	35.85708409	1.55457497
43	31-N1	15433817.71	17471228.07	2037410.358	4533212.469	35490322	40023534.46	7.188473367	7.242323433	6.30907851	6.656406075	7.55010994	7.602315438	3	PAC	AS9601	2.593236179	0.413842072
44	32-N1	14956153.38	18788362.57	3832209.189	2981308.077	43735025.05	46716333.12	7.17481991	7.273888932	6.583449208	6.474406857	7.64082938	7.669468747	3	PAC	AS9601	3.123552689	0.494648836
45	33-N1	14253515.31	14444181.29	190665.9806	3730312.525	24873833.72	28604146.25	7.153921986	7.159692931	5.280273211	6.571745218	7.395742727	7.45642899	3	PAC	AS9601	2.006813451	0.302507003
46	41-N1	19171981.86	15288801.17	-3883180.686	8163515.74	71950148.09	80113663.83	7.282667009	7.184373433	#NUM!	6.911877234	7.857031692	7.903706594	3	PR	AS9601	-20.63093899	0
47	42-N1	16868890.38	16115701.75	-753188.6214	7838022.09	48276613.13	56114635.22	7.227086516	7.207249222	#NUM!	6.894206483	7.683736794	7.749076144	3	PR	AS9601	-74.50276548	0
48	43-N1	17370774.72	15601842.11	-1768932.612	4098670.448	35523840.6	39622511.04	7.239819188	7.193175878	#NUM!	6.612643	7.550519913	7.597941995	3	PR	AS9601	-22.39910711	0
49	51-N1	18982381.1	22751578.95	3769197.843	NA	NA	NA	7.278350688	7.357011542	6.576248934	#NUM!	#NUM!	#NUM!	3	PA	AS9601	NA	#NUM!
50	52-N1	19759372.42	23475116.96	3715744.541	NA	NA	NA	7.295773147	7.370607765	6.570045848	#NUM!	#NUM!	#NUM!	3	PA	AS9601	NA	#NUM!
51	53-N1	18937769.16	24101198.83	5163429.668	NA	NA	NA	7.277328819	7.382038646	6.712938266	#NUM!	#NUM!	#NUM!	3	PA	AS9601	NA	#NUM!
52	61-N1	24065418.6	25501023.39	1435604.79	4618687.182	61144946.63	65763633.82	7.38139342	7.40655761	6.157034899	6.664518549	7.78636057	7.817985802	3	PAR	AS9601	45.80900976	1.660950904
53	62-N1	24378291.13	28805672.51	4427381.385	4637805.724	59503230.75	64141036.47	7.387003259	7.459478019	6.646146935	6.666312552	7.774540547	7.807135974	3	PAR	AS9601	14.48735288	1.160989039
54	63-N1	24032290.92	27275906.43	3243615.51	4112309.95	59448237	63560546.96	7.380795173	7.435779192	6.511029368	6.614085841	7.77413898	7.803187626	3	PAR	AS9601	19.59558609	1.292158257
73	11-N2	42569067.93	47871637.43	5302569.495	NA	NA	NA	7.629094141	7.680078283	6.724486369	#NUM!	#NUM!	#NUM!	6	P	AS9601	NA	#NUM!
74	12-N2	43480079.11	53290789.47	9810710.361	NA	NA	NA	7.638290326	7.726652154	6.991700454	#NUM!	#NUM!	#NUM!	6	P	AS9601	NA	#NUM!
75	13-N2	44507037.17	52611549.71	8104512.536	NA	NA	NA	7.648428684	7.721081094	6.908726898	#NUM!	#NUM!	#NUM!	6	P	AS9601	NA	#NUM!
76	21-N2	186895.3242	9485730.994	9298835.67	2518329.427	11701674.41	14220003.83	5.271598436	6.977070804	6.968428573	6.40111254	7.06824801	7.152899714	6	PC	AS9601	76.0853911	1.881301277
77	22-N2	189655.9641	9462105.263	9272449.299	2177481.945	14581789.21	16759271.15	5.277966505	6.975987775	6.967194467	6.337954563	7.163810816	7.224255128	6	PC	AS9601	88.36669719	1.946288623
78	23-N2	192140.5401	9317397.661	9125257.121	2727339.36	15820526.88	18547866.24	5.283619007	6.969294631	6.96024511	6.43573918	7.199220943	7.268293955	6	PC	AS9601	96.53280995	1.984674948
79	31-N2	208428.3157	13466666.67	13258238.35	2266314.802	27073406.41	29339721.21	5.318956719	7.12926011	7.122485822	6.355320235	7.432542903	7.467455983	6	PAC	AS9601	140.7664842	2.148499264
80	32-N2	208428.3157	14048450.29	13840021.98	2172588.728	21657382.23	23829970.95	5.318956719	7.147628419	7.14113678	6.336977522	7.335605961	7.377123513	6	PAC	AS9601	114.331735	2.058166794
81	33-N2	271232.8745	13933274.85	13662041.98	2139761.76	16285692.48	18425454.24	5.433342327	7.144053204	7.135515615	6.330365422	7.21180623	7.265418203	6	PAC	AS9601	67.93223084	1.832075877
82	41-N2	52739265.48	42969298.25	-9769967.238	4440083.728	71095129.21	75535212.94	7.722134077	7.633158261	#NUM!	6.64739116	7.851839848	7.878149458	6	PR	AS9601	-7.73136809	0
83	42-N2	49625263.63	37432017.54	-12193246.08	5377166.057	83008778.92	88385944.97	7.695702827	7.573243236	#NUM!	6.730553448	7.919124025	7.94638321	6	PR	AS9601	-7.248762501	0
84	43-N2	51116009.2	43678070.18	-7437939.022	3312708.488	75208758.43	78521466.92	7.70855694	7.640263442	#NUM!	6.52018322	7.876268419	7.894988404	6	PR	AS9601	-10.556885	0
85	51-N2	44269622.14	53999561.4	9729939.267	NA	NA	NA	7.646105815	7.732390232	6.988110129	#NUM!	#NUM!	#NUM!	6	PA	AS9601	NA	#NUM!
86	52-N2	41707748.27	45021783.63	3314035.357	NA	NA	NA	7.620216744	7.653422696	6.520357138	#NUM!	#NUM!	#NUM!	6	PA	AS9601	NA	#NUM!
87	53-N2	44733409.65	47000438.6	2267028.949	NA	NA	NA	7.650632002	7.672101911	6.355457066	#NUM!	#NUM!	#NUM!	6	PA	AS9601	NA	#NUM!
88	61-N2	60181950.77	54531140.35	-5650810.421	6155885.055	63724810.11	69880695.17	7.779466261	7.73664458	#NUM!	6.789290502	7.80430855	7.844357217	6	PAR	AS9601	-12.36649081	#NUM!
89	62-N2	44899048.04	49820760.23	4921712.19	9281833.826	78805868.56	88087702.39	7.652237133	7.69741035	6.692116214	6.967633789	7.89655856	7.944915282	6	PAR	AS9601	17.89777601	1.252799069
90	63-N2	43430387.59	56450730.99	13020343.4	7010869.091	78169968.96	85180838.05	7.637793705	7.75166957	7.114622439	6.845771858	7.893039939	7.930341909	6	PAR	AS9601	6.542134522	0.81571947
109	11-N3	118293421.6	105031140.4	-13262281.24	NA	NA	NA	8.072960594	8.021318081	#NUM!	#NUM!	#NUM!	#NUM!	9	P	AS9601	NA	#NUM!
110	12-N3	120998848.7	117656140.4	-3342708.38	NA	NA	NA	8.082781238	8.070614597	#NUM!	#NUM!	#NUM!	#NUM!	9	P	AS9601	NA	#NUM!
111	13-N3	124711909.5	121155701.8	-3556207.701	NA	NA	NA	8.095907929	8.083343857	#NUM!	#NUM!	#NUM!	#NUM!	9	P	AS9601	NA	#NUM!
112	21-N3	776153.9202	10365789.47	9589635.554	1681468.603	21114034.32	22795502.93	5.889947855	7.015602384	6.981802102	6.225688762	7.324571223	7.357849178	9	PC	AS9601	29.36982258	1.467901323
113	22-N3	781951.264	9683596.491	8901645.227	1849419.235	20535071.28	22384490.52	5.893179686	6.986036684	6.949470282	6.26703537	7.312496215	7.349947214	9	PC	AS9601	28.62645224	1.456767528
114	23-N3	743302.3048	9589093.567	8845791.262	1689285.6	21213999.6	22903285.2	5.871165479	6.981777556	6.946736687	6.22770308	7.326622556	7.359897781	9	PC	AS9601	30.81288064	1.488732302
115	31-N3	902867.2936	16576403.51	15673536.22	2729787.6	37205087.2	39934874.8	5.955623921	7.21949031	7.195166992	6.436128857	7.570602327	7.601352327	9	PAC	AS9601	44.23116784	1.645728406
116	32-N3	786782.3839	15545730.99	14758948.61	1899356.004	17705584.73	19604940.73	5.895854628	7.191611148	7.169055421	6.278606374	7.248110274	7.292365534	9	PAC	AS9601	24.91786945	1.396510906
117	33-N3	876641.2141	13635000	12758358.79	3525628.635	32875977.54	36401606.17	5.942821885	7.134655142	7.105794811	6.547236565	7.516878675	7.561120547	9	PAC	AS9601	41.52395026	1.618298662
118	41-N3	93282023.7	80667105.26	-12614918.43	13134807.6	69383121.6	82517929.2	7.969797959	7.906696473	#NUM!	7.118423716	7.841253835	7.916548321	9	PR	AS9601	-6.541297087	0
119	42-N3	77642998.42	86160087.72	8517089.304	14114582.65	81678668.04	95793250.69	7.890102299	7.935306132	6.930291201	7.149668041	7.912108647	7.981334911	9	PR	AS9601	11.24718167	0
120	43-N3	131668722.1	82749122.81	-48919599.31	12399938.75	91586155.21	103986094	8.119482621	7.917763399	#NUM!	7.09341954	7.961829828	8.016975265	9	PR	AS9601	-2.125653019	0
121	51-N3	93530481.29	74701608.19	-18828873.1	NA	NA	NA	7.970953169	7.873329951	#NUM!	#NUM!	#NUM!	#NUM!	9	PA	AS9601	NA	#NUM!
122	52-N3	96677610.83	87311842.11	-9365768.722	NA	NA	NA	7.985325909	7.941073151	#NUM!	#NUM!	#NUM!	#NUM!	9	PA	AS9601	NA	#NUM!
123	53-N3	93268220.5	85347953.22	-7920267.281	NA	NA	NA	7.969733691	7.93119311	#NUM!	#NUM!	#NUM!	#NUM!	9	PA	AS9601	NA	#NUM!
124	61-N3	96084073.24	93070614.04	-3013459.204	6092732.748	138411880.5	144504613.3	7.982651406	7.968812579	#NUM!	6.784812129	8.141173369	8.159881712	9	PAR	AS9601	-47.95306771	#NUM!
125	62-N3	83509358.3	93011549.71	9502191.412	8432374.043	119943391.9	128375766	7.921735146	7.96853688	6.977823775	6.925949863	8.078976326	8.108483048	9	PAR	AS9601	13.51012208	1.130659273
126	63-N3	87567499.01	101782602.3	14215103.33	9706104.479	122222003.5	131928108	7.942342946	8.007673551	7.152750021	6.987044962	8.087149399	8.120337334	9	PAR	AS9601	9.280840596	0.967587313
145	11-N4	173312975.7	143526315.8	-29786659.87	NA	NA	NA	8.238831079	8.156931537	#NUM!	#NUM!	#NUM!	#NUM!	12	P	AS9601	NA	#NUM!
146	12-N4	174693295.6	153183333.3	-21509962.3	NA	NA	NA	8.242276238	8.185211516	#NUM!	#NUM!	#NUM!	#NUM!	12	P	AS9601	NA	#NUM!
147	13-N4	155589667.2	131920175.4	-23669491.79	NA	NA	NA	8.191980752	8.12031122	#NUM!	#NUM!	#NUM!	#NUM!	12	P	AS9601	NA	#NUM!
148	21-N4	2013610.775	14845818.71	12832207.94	1066208.52	6749797.68	7816006.2	6.303975526	7.171604153	7.108301388	6.027842149	6.829290755	6.892984895	12	PC	AS9601	3.881587394	0.589009369
149	22-N4	1953428.824	10460292.4	8506863.574	1103420.626	7835265.09	8938685.716	6.290797592	7.019543825	6.929769468	6.042741098	6.894053695	6.951273668	12	PC	AS9601	4.57589527	0.660476076
150	23-N4	1599514.783	10197456.14	8597941.357	925434.72	5055615.6	5981050.32	6.203988258	7.008491846	6.934394479	5.966345789	6.703774045	6.776777456	12	PC	AS9601	3.739290429	0.572789198
151	31-N4	2278080.082	16868771.93	14590691.85	963322.1305	5883844.434	6847166.565	6.357568987	7.227083466	7.164075885	5.983771537	6.769661182	6.835510893	12	PAC	AS9601	3.005674217	0.477941906
152	32-N4	2365316.304	18115029.24	15749712.94	1013571.36	9217623.6	10231194.96	6.373889225	7.258039039	7.197272642	6.00585433	6.96461897	7.00992636	12	PAC	AS9601	4.325508155	0.636037135
153	33-N4	2205199.187	16862865.5	14657666.31	2052560.732	9431510.453	11484071.19	6.343447824	7.226931376	7.166064831	6.312296016	6.97458125	7.060095876	12	PAC	AS9601	5.207725113	0.716648052
154	41-N4	173865103.7	249399122.8	75534019.15	7564329.568	136243335.9	143807665.5	8.240212424	8.396894922	7.878142594	6.878770442	8.134315269	8.157782036	12	PR	AS9601	1.903879432	0.279639442
155	42-N4	157356476.8	255379386	98022909.18	1726375.216	24507817.77	26234192.99	8.196884623	8.407185838	7.991327588	6.237135193	7.389304643	7.418867709	12	PR	AS9601	0.267633283	-0.572459879
156	43-N4	159675414.3	201955701.8	42280287.41	1637591.481	26809450.08	28447041.56	8.203238052	8.305256119	7.626137931	6.21420557	7.428287906	7.454037107	12	PR	AS9601	0.67282044	-0.172100824
157	51-N4	98278781.99	233097368.4	134818586.4	NA	NA	NA	7.992459765	8.367537371	8.129749769	#NUM!	#NUM!	#NUM!	12	PA	AS9601	NA	#NUM!
158	52-N4	114400919.3	223440350.9	109039431.6	NA	NA	NA	8.058429514	8.349161605	8.037583579	#NUM!	#NUM!	#NUM!	12	PA	AS9601	NA	#NUM!
159	53-N4	132455504.5	229376315.8	96920811.29	NA	NA	NA	8.122070011	8.360548573	7.986417041	#NUM!	#NUM!	#NUM!	12	PA	AS9601	NA	#NUM!
160	61-N4	169282441.3	259454824.6	90172383.22	795678	37829388.4	38625066.4	8.228611914	8.414061751	7.955073548	5.90073735	7.57782932	7.586869239	12	PAR	AS9601	0.428346962	-0.368204309
161	62-N4	141123913.9	230572368.4	89448454.5	1259704.884	52770349.14	54030054.02	8.149600613	8.362807261	7.951572841	6.100268813	7.722389968	7.732635402	12	PAR	AS9601	0.604035635	-0.218937439
162	63-N4	138308061.2	193140350.9	54832289.7	1176255.075	53221723.13	54397978.2	8.140847493	8.285873016	7.739036382	6.07050151	7.726088931	7.735582759	12	PAR	AS9601	0.992079275	-0.003453623
181	11-N5	255083130.8	172556432.7	-82526698.05	NA	NA	NA	8.406681739	8.236931154	#NUM!	#NUM!	#NUM!	#NUM!	14	P	AS9601	NA	#NUM!
182	12-N5	218477045.1	175302924	-43174121.17	NA	NA	NA	8.339405813	8.24378916	#NUM!	#NUM!	#NUM!	#NUM!	14	P	AS9601	NA	#NUM!
183	13-N5	206992783	183424269	-23568513.97	NA	NA	NA	8.315955204	8.263456797	#NUM!	#NUM!	#NUM!	#NUM!	14	P	AS9601	NA	#NUM!
184	21-N5	635775.379	8644064.327	8008288.948	2105127.803	2006106.112	4111233.915	5.803303705	6.93671799	6.903539735	6.323278467	6.302353901	6.613972187	14	PC	AS9601	6.466488087	0.810668482
185	22-N5	504368.9177	9704269.006	9199900.088	2273074.742	1283187.354	3556262.097	5.702748315	6.986962827	6.963783111	6.356613716	6.108290071	6.550993761	14	PC	AS9601	7.050914463	0.848245446
186	23-N5	395047.5759	9004356.725	8609309.149	1622244.248	1542782.397	3165026.644	5.596649401	6.954452692	6.934968303	6.210116243	6.188304675	6.50037737	14	PC	AS9601	8.011760702	0.903727969
187	31-N5	1929411.257	16236783.63	14307372.37	5584793.322	3559505.083	9144298.405	6.285424808	7.210500003	7.15555988	6.747007106	6.551389617	6.96115039	14	PAC	AS9601	4.739424202	0.675725582
188	32-N5	2323354.577	14975760.23	12652405.66	2758079.502	2453319.336	5211398.838	6.366115494	7.175388878	7.102173108	6.440606781	6.389754082	6.716954312	14	PAC	AS9601	2.243049292	0.350838818
189	33-N5	1726780.285	16369678.36	14642898.08	4364165.577	3178648.531	7542814.108	6.237237082	7.214040146	7.165627039	6.639901219	6.50224251	6.877533405	14	PAC	AS9601	4.368137727	0.640296323
190	41-N5	217704066	152415497.1	-65288568.88	3614359.302	128370808.6	131985167.9	8.33786654	8.183029127	#NUM!	6.558031323	8.108466277	8.120525129	14	PR	AS9601	-2.021566258	0
191	42-N5	202078843.9	181386549.7	-20692294.17	4648402.525	83805451.3	88453853.82	8.305520849	8.25860508	#NUM!	6.667303728	7.923272269	7.946716759	14	PR	AS9601	-4.274724354	0
192	43-N5	200146395.9	165202924	-34943471.94	3172138.206	144844710.7	148016848.9	8.301347774	8.21801773	#NUM!	6.501352101	8.160902641	8.170311154	14	PR	AS9601	-4.235894165	0
193	51-N5	156969987.2	158056140.4	1086153.154	NA	NA	NA	8.195816623	8.198811372	6.035891068	#NUM!	#NUM!	#NUM!	14	PA	AS9601	NA	#NUM!
194	52-N5	120253475.9	167506432.7	47252956.8	NA	NA	NA	8.080097639	8.22403149	7.674428989	#NUM!	#NUM!	#NUM!	14	PA	AS9601	NA	#NUM!
195	53-N5	104959530.7	139244152	34284621.39	NA	NA	NA	8.02102188	8.143776965	7.535099358	#NUM!	#NUM!	#NUM!	14	PA	AS9601	NA	#NUM!
196	61-N5	103800061.9	159001169.6	55201107.71	1174176.719	22092257.29	23266434	8.016197612	8.201400319	7.741947793	6.069733465	7.344240092	7.366729825	14	PAR	AS9601	0.421484912	-0.375217968
197	62-N5	168619887.8	151145614	-17474273.72	1238353.953	23165759.3	24404113.26	8.226908796	8.179395549	#NUM!	6.092844795	7.36484654	7.387463032	14	PAR	AS9601	-1.396573823	0
198	63-N5	125277840.6	170134795.3	44856954.68	1263804.688	30196995.11	31460799.8	8.097874259	8.230793143	7.651829786	6.101679962	7.479963729	7.497769759	14	PAR	AS9601	0.701358352	-0.154060027
217	11-N6	203597195.8	204746491.2	1149295.382	NA	NA	NA	8.308771792	8.311216468	6.060431662	#NUM!	#NUM!	#NUM!	18	P	AS9601	NA	#NUM!
218	12-N6	199124959.1	215437134.5	16312175.37	NA	NA	NA	8.2991257	8.333320564	7.212511882	#NUM!	#NUM!	#NUM!	18	P	AS9601	NA	#NUM!
219	13-N6	228829444.9	224533040.9	-4296403.995	NA	NA	NA	8.359511907	8.351280258	#NUM!	#NUM!	#NUM!	#NUM!	18	P	AS9601	NA	#NUM!
220	21-N6	618935.4754	9627485.38	9008549.905	2295606.584	19778238.1	22073844.69	5.791645376	6.983512868	6.954654889	6.360897462	7.296187601	7.343877983	18	PC	AS9601	35.66420987	1.552232607
221	22-N6	561790.2285	9184502.924	8622712.695	2081343.091	12719997.07	14801340.17	5.749574181	6.963055657	6.935643916	6.318343676	7.104487011	7.17030104	18	PC	AS9601	26.34673836	1.420726859
222	23-N6	398912.4719	8204035.088	7805122.616	1030301	13081762.4	14112063.4	5.600877615	6.914027509	6.89237973	6.012964121	7.116666257	7.149590519	18	PC	AS9601	35.37634041	1.548712904
223	31-N6	672905.9863	15403976.61	14731070.62	1355760.399	20171516.21	21527276.61	5.827954392	7.18763285	7.168234312	6.132182944	7.304738544	7.332989091	18	PAC	AS9601	31.99150706	1.505034699
224	32-N6	583185.1881	14367397.66	13784212.47	2073731.327	24976533.95	27050265.27	5.765806485	7.157378112	7.139381959	6.316752488	7.39753217	7.432171528	18	PAC	AS9601	46.38366307	1.666365043
225	33-N6	604994.2437	15548684.21	14943689.97	1999034.102	21590382.57	23589416.67	5.781751242	7.191693643	7.174457849	6.300820203	7.334260338	7.372717202	18	PAC	AS9601	38.99114235	1.590965959
226	41-N6	233246468.8	187617836.3	-45628632.58	394551.0744	42623656.07	43018207.14	8.367815078	8.273274123	#NUM!	5.59610323	7.629650699	7.633652306	18	PR	AS9601	-0.942789751	0
227	42-N6	207655336.6	190630117	-17025219.6	439219.1362	45032161.99	45471381.13	8.317343097	8.280191514	#NUM!	5.642681254	7.653522798	7.657738145	18	PR	AS9601	-2.67082494	0
228	43-N6	233329288	201970467.8	-31358820.2	0	48110951.01	48110951.01	8.367969256	8.305287871	#NUM!	#NUM!	7.682243942	7.682243942	18	PR	AS9601	-1.534207942	0
229	51-N6	238436471.9	150171052.6	-88265419.3	NA	NA	NA	8.377372687	8.176586225	#NUM!	#NUM!	#NUM!	#NUM!	18	PA	AS9601	NA	#NUM!
230	52-N6	212569275.7	148458187.1	-64111088.53	NA	NA	NA	8.327500493	8.171604153	#NUM!	#NUM!	#NUM!	#NUM!	18	PA	AS9601	NA	#NUM!
231	53-N6	238353652.7	172408771.9	-65944880.81	NA	NA	NA	8.377221812	8.236559358	#NUM!	#NUM!	#NUM!	#NUM!	18	PA	AS9601	NA	#NUM!
232	61-N6	216047682	116061403.5	-99986278.48	769912.4126	51736892.05	52506804.46	8.334549611	8.064687818	#NUM!	5.886441321	7.713800336	7.720215588	18	PAR	AS9601	-0.525140102	0
233	62-N6	214584542.8	109948245.6	-104636297.2	899728.2	49680910.2	50580638.4	8.331598435	8.041188304	#NUM!	5.954111333	7.696189544	7.703984306	18	PAR	AS9601	-0.483394766	0
234	63-N6	221651781.1	122233625.7	-99418155.35	626246.8212	47479237.15	48105483.97	8.345671225	8.087190694	#NUM!	5.796745534	7.676503733	7.682194588	18	PAR	AS9601	-0.483870213	0
253	11-N7	190677400.9	210180409.4	19503008.45	NA	NA	NA	8.280299224	8.322592234	7.290101609	#NUM!	#NUM!	#NUM!	21	P	AS9601	NA	#NUM!
254	12-N7	216627416.4	210121345	-6506071.351	NA	NA	NA	8.33571342	8.322470172	#NUM!	#NUM!	#NUM!	#NUM!	21	P	AS9601	NA	#NUM!
255	13-N7	212514062.9	212483918.1	-30144.73522	NA	NA	NA	8.327387674	8.327326066	#NUM!	#NUM!	#NUM!	#NUM!	21	P	AS9601	NA	#NUM!
256	21-N7	809695.6955	9913947.368	9104251.673	1315776.24	9202286.456	10518062.7	5.90832183	6.996246609	6.959244255	6.11918204	6.963895748	7.021935755	21	PC	AS9601	12.99014278	1.113613925
257	22-N7	771322.8003	9772192.982	9000870.182	1832104.129	9368390.078	11200494.21	5.887236169	6.989992035	6.954284498	6.262950153	6.971664965	7.049237186	21	PC	AS9601	14.52115016	1.162001016
258	23-N7	575593.4283	8939385.965	8363792.537	1316506.415	13860000.2	15176506.61	5.760115827	6.951307689	6.922403252	6.11942298	7.141763237	7.181171816	21	PC	AS9601	26.3667128	1.421055989
259	31-N7	974367.8681	13998245.61	13023877.75	1160873.8	9548136	10709009.8	5.988722954	7.146073609	7.114740311	6.06478501	6.979918596	7.029749316	21	PAC	AS9601	10.99072553	1.041026362
260	32-N7	1080652.506	14565263.16	13484610.65	3572556.539	9862211.381	13434767.92	6.033686065	7.163318336	7.129838411	6.552979111	6.993974307	7.128230169	21	PAC	AS9601	12.4320888	1.094544104
261	33-N7	834541.455	15079122.81	14244581.35	2957837.627	8128455.366	11086292.99	5.921447915	7.178376078	7.15364969	6.470974329	6.910008025	7.044786352	21	PAC	AS9601	13.28429274	1.123338437
262	41-N7	158819616	229464912.3	70645296.32	0	9987922.508	9987922.508	8.200904142	8.360716287	7.849083251	#NUM!	6.999475164	6.999475164	21	PR	AS9601	0.141381281	-0.849608087
263	42-N7	202907035.9	176956725.1	-25950310.71	0	21160755.8	21160755.8	8.307297107	8.247867072	#NUM!	#NUM!	7.325531175	7.325531175	21	PR	AS9601	-0.81543362	#NUM!
264	43-N7	162629299.1	209383040.9	46753741.85	8115.712707	17688195.85	17696311.56	8.21119879	8.320941503	7.669816375	3.909326665	7.247683538	7.247882756	21	PR	AS9601	0.378500433	-0.421933619
265	51-N7	216434171.6	217652046.8	1217875.2	NA	NA	NA	8.33532583	8.337762756	6.085602787	#NUM!	#NUM!	#NUM!	21	PA	AS9601	NA	#NUM!
266	52-N7	197551394.4	208615204.7	11063810.31	NA	NA	NA	8.295680099	8.319345958	7.043904721	#NUM!	#NUM!	#NUM!	21	PA	AS9601	NA	#NUM!
267	53-N7	208980443.7	212690643.3	3710199.539	NA	NA	NA	8.320105647	8.327748385	6.569397267	#NUM!	#NUM!	#NUM!	21	PA	AS9601	NA	#NUM!
268	61-N7	172236326.1	170223391.8	-2012934.273	0	62726999.6	62726999.6	8.236124753	8.23101924	#NUM!	#NUM!	7.797454515	7.797454515	21	PAR	AS9601	-31.16197108	#NUM!
269	62-N7	173837497.3	186820467.8	12982970.58	0	63208611.41	63208611.41	8.240143461	8.271424455	7.113374073	#NUM!	7.80077625	7.80077625	21	PAR	AS9601	4.868578497	0.687402177
270	63-N7	162159990.3	196329824.6	34169834.27	0	67577945.39	67577945.39	8.20994371	8.292986279	7.533642872	#NUM!	7.829804984	7.829804984	21	PAR	AS9601	1.977707731	0.296162111
289	11-N8	245476103.8	268801754.4	23325650.59	NA	NA	NA	8.390009222	8.429432099	7.367833766	#NUM!	#NUM!	#NUM!	24	P	AS9601	NA	#NUM!
290	12-N8	236531630.4	211657017.5	-24874612.83	NA	NA	NA	8.373889225	8.325632672	#NUM!	#NUM!	#NUM!	#NUM!	24	P	AS9601	NA	#NUM!
291	13-N8	241832059.1	257461403.5	15629344.44	NA	NA	NA	8.383513874	8.410712132	7.193940762	#NUM!	#NUM!	#NUM!	24	P	AS9601	NA	#NUM!
292	21-N8	1136831.529	10613859.65	9477028.12	3063099.443	6257518.204	9320617.647	6.05569611	7.02587334	6.976672169	6.486161096	6.796402122	6.969444693	24	PC	AS9601	8.198767725	0.913748583
293	22-N8	1054840.522	10297865.5	9243024.975	2816901.764	5606306.656	8423208.419	6.023186805	7.012747215	6.965814126	6.449771702	6.748676849	6.925477547	24	PC	AS9601	7.985290895	0.902290742
294	23-N8	743716.4008	9559561.404	8815845.003	2652599.75	6298968.859	8951568.609	5.871407359	6.980437967	6.945263946	6.423671724	6.799269461	6.951899145	24	PC	AS9601	12.03626624	1.080491786
295	31-N8	1407926.371	14057309.94	12649383.57	3523673.211	8570876.805	12094550.02	6.148579944	7.14790222	7.102069362	6.546995625	6.933025253	7.082589715	24	PAC	AS9601	8.590328488	0.934009771
296	32-N8	1502340.257	15430555.56	13928215.3	5411684.309	6726882.643	12138566.95	6.176768305	7.188381563	7.143895471	6.733332454	6.827813851	7.084167418	24	PAC	AS9601	8.079772137	0.907399113
297	33-N8	922053.7412	13950994.15	13028940.41	5413933.496	7181956.122	12595889.62	5.964756234	7.144605157	7.114909098	6.733512917	6.856242747	7.100228846	24	PAC	AS9601	13.66068924	1.135472612
298	41-N8	257070791.6	253740350.9	-3330440.678	0	31549652.8	31549652.8	8.410052735	8.404389536	#NUM!	#NUM!	7.498994584	7.498994584	24	PR	AS9601	-9.47311658	#NUM!
299	42-N8	241942484.7	279211842.1	37269357.44	0	37515197.6	37515197.6	8.383712136	8.445933834	7.571351905	#NUM!	7.574207238	7.574207238	24	PR	AS9601	1.006596308	0.002855333
300	43-N8	240727803.1	263175877.2	22448074.1	0	37987120.09	37987120.09	8.381526252	8.420246079	7.351179087	#NUM!	7.57963637	7.57963637	24	PR	AS9601	1.692221788	0.228457282
301	51-N8	210139912.5	241159649.1	31019736.61	NA	NA	NA	8.322508547	8.382304643	7.491638106	#NUM!	#NUM!	#NUM!	24	PA	AS9601	NA	#NUM!
302	52-N8	234157480	233983333.3	-174146.6889	NA	NA	NA	8.369508036	8.369184924	#NUM!	#NUM!	#NUM!	#NUM!	24	PA	AS9601	NA	#NUM!
303	53-N8	248623233.3	238723245.6	-9899987.713	NA	NA	NA	8.39554171	8.37789471	#NUM!	#NUM!	#NUM!	#NUM!	24	PA	AS9601	NA	#NUM!
304	61-N8	241887271.9	172851754.4	-69035517.48	0	28020554.15	28020554.15	8.383613016	8.237673792	#NUM!	#NUM!	7.44747672	7.44747672	24	PAR	AS9601	-0.405886059	0
305	62-N8	238960993.5	195532456.1	-43428537.38	0	77282414.1	77282414.1	8.378327015	8.291218856	#NUM!	#NUM!	7.88808068	7.88808068	24	PAR	AS9601	-1.779530667	0
306	63-N8	258727175.5	170149561.4	-88577614.12	0	30532586.02	30532586.02	8.412842047	8.230830834	#NUM!	#NUM!	7.484763589	7.484763589	24	PAR	AS9601	-0.344698673	0
325	11-N9	198103522.4	295912280.7	97808758.34	NA	NA	NA	8.296892198	8.471162989	7.990377746	#NUM!	#NUM!	#NUM!	30	P	AS9601	NA	#NUM!
326	12-N9	237580673.6	281382456.1	43801782.59	NA	NA	NA	8.375811109	8.449297016	7.641491785	#NUM!	#NUM!	#NUM!	30	P	AS9601	NA	#NUM!
327	13-N9	203238312.7	286476754.4	83238441.73	NA	NA	NA	8.308005581	8.457089388	7.920323941	#NUM!	#NUM!	#NUM!	30	P	AS9601	NA	#NUM!
328	21-N9	7512253.415	12802192.98	5289939.568	1106794.371	11419920.6	12526714.97	6.87577023	7.10728437	6.723450711	6.044066942	7.057663084	7.097837196	30	PC	AS9601	1.667504313	0.222066966
329	22-N9	7726479.074	14361491.23	6635012.154	1643381.1	14897540.4	16540921.5	6.887981633	7.157199537	6.821841723	6.215738288	7.173114572	7.218559701	30	PC	AS9601	2.14080972	0.330578068
330	23-N9	5538947.983	14154766.08	8615818.099	1301518.602	15227156.61	16528675.21	6.743427287	7.150902697	6.935296521	6.11445038	7.182618814	7.218238046	30	PC	AS9601	2.984082042	0.474810759
331	31-N9	10919987.36	21914342.11	10994354.74	4020943.714	16059312.84	20080256.55	7.038222136	7.340728437	7.041169746	6.604327994	7.205726958	7.302769257	30	PAC	AS9601	1.838853461	0.264547122
332	32-N9	9660031.291	21878903.51	12218872.22	2573712.3	20170437.3	22744149.6	6.984978533	7.340025553	7.087031123	6.410559998	7.304715314	7.356869703	30	PAC	AS9601	2.354459206	0.37189117
333	33-N9	4945962.523	19407061.4	14461098.88	2421805.515	17806675.81	20228481.33	6.694250821	7.28795978	7.160201296	6.384139264	7.250582852	7.305963279	30	PAC	AS9601	4.089897818	0.611712458
334	41-N9	207544911	235533771.9	27988860.96	6120.6	43431777.6	43437898.2	8.317112089	8.372053187	7.446985225	3.786793998	7.637807605	7.637868803	30	PR	AS9601	1.551970916	0.190883578
335	42-N9	177343510	235976754.4	58633244.4	0	52537356.54	52537356.54	8.2488153	8.372869224	7.768143926	#NUM!	7.720468217	7.720468217	30	PR	AS9601	0.896033591	-0.047675709
336	43-N9	198876501.5	248690350.9	49813849.34	6090.149254	45377702.09	45383792.24	8.298583472	8.395658935	7.697350103	3.784627936	7.6568425	7.656900782	30	PR	AS9601	0.911067762	-0.04044932
337	51-N9	216655022.8	329844736.8	113189714.1	NA	NA	NA	8.335768762	8.518309559	8.053806963	#NUM!	#NUM!	#NUM!	30	PA	AS9601	NA	#NUM!
338	52-N9	230292584.1	372592543.9	142299959.8	NA	NA	NA	8.362279953	8.57123416	8.153204777	#NUM!	#NUM!	#NUM!	30	PA	AS9601	NA	#NUM!
339	53-N9	209256507.7	355714912.3	146458404.6	NA	NA	NA	8.320678973	8.551102072	8.165714299	#NUM!	#NUM!	#NUM!	30	PA	AS9601	NA	#NUM!
340	61-N9	269328032.9	334806140.4	65478107.45	0	65809180.03	65809180.03	8.430281559	8.524793414	7.816096118	#NUM!	7.81828648	7.81828648	30	PAR	AS9601	1.005056233	0.002190361
341	62-N9	252598554.8	343444298.2	90845743.4	0	54960448.33	54960448.33	8.402430862	8.535856311	7.958304583	#NUM!	7.740050267	7.740050267	30	PAR	AS9601	0.6049865	-0.218254316
342	63-N9	147031683.4	330332017.5	183300334.1	12210.67332	55857725.09	55869935.76	8.16741093	8.51895067	8.263163257	4.086739612	7.747083244	7.747178172	30	PAR	AS9601	0.304799967	-0.515985085
361	11-N10	205943739.8	320807894.7	114864154.9	NA	NA	NA	8.313748595	8.506245047	8.060184522	#NUM!	#NUM!	#NUM!	33	P	AS9601	NA	#NUM!
362	12-N10	201195439.1	308625877.2	107430438.1	NA	NA	NA	8.303618131	8.489432337	8.031127347	#NUM!	#NUM!	#NUM!	33	P	AS9601	NA	#NUM!
363	13-N10	197275330.4	222244298.2	24968967.87	NA	NA	NA	8.295072779	8.346830628	7.397400591	#NUM!	#NUM!	#NUM!	33	P	AS9601	NA	#NUM!
364	21-N10	13930189.16	21892192.98	7962003.827	2516850.499	13558385.73	16075236.23	7.143957014	7.340289268	6.901022382	6.400857419	7.132207985	7.206157364	33	PC	AS9601	1.153985495	0.06220035
365	22-N10	17082839.97	22011798.25	4928958.274	2707449.446	8906083.703	11613533.15	7.232560073	7.342655524	6.692755142	6.432560356	6.949686772	7.064964364	33	PC	AS9601	0.679836208	-0.167595709
366	23-N10	12754156.54	19225438.6	6471282.057	2264452.454	6856428.366	9120880.82	7.105651743	7.283876256	6.810990329	6.354963206	6.836097943	6.960036781	33	PC	AS9601	0.715130067	-0.145614962
367	31-N10	20323831.27	32845672.51	12521841.25	2567600.177	15729094.27	18296694.45	7.308005581	7.516478158	7.097668194	6.409527397	7.196703715	7.262372636	33	PAC	AS9601	0.900258136	-0.045632945
368	32-N10	24266025.1	33772982.46	9506957.351	3380611.4	24941445	28322056.4	7.384998643	7.528569414	6.978041546	6.528995252	7.396921611	7.452124783	33	PAC	AS9601	1.167148566	0.067126141
369	33-N10	10664352.1	23684795.32	13020443.22	3216368.514	15711349.49	18927718	7.027934476	7.374469636	7.114625768	6.507365802	7.196213489	7.277098257	33	PAC	AS9601	1.77485869	0.249163781
370	41-N10	172374358.1	207980263.2	35605905.08	0	33689247.68	33689247.68	8.236472662	8.318022123	7.55152203	#NUM!	7.527491313	7.527491313	33	PR	AS9601	0.946170238	-0.024030717
371	42-N10	163264246.3	233894736.8	70630490.57	18331.24792	27930711.41	27949042.66	8.212891088	8.369020449	7.848992223	4.263192031	7.446081998	7.446366937	33	PR	AS9601	0.395707894	-0.402625286
372	43-N10	177426329.2	226452631.6	49026302.4	0	40924071.62	40924071.62	8.249018067	8.354977372	7.69042914	#NUM!	7.611978836	7.611978836	33	PR	AS9601	0.834737062	-0.078450304
373	51-N10	210940498.1	273940350.9	62999852.78	NA	NA	NA	8.324159967	8.437656008	7.799339535	#NUM!	#NUM!	#NUM!	33	PA	AS9601	NA	#NUM!
374	52-N10	228636200.1	292767105.3	64130905.13	NA	NA	NA	8.359144994	8.466522279	7.807067369	#NUM!	#NUM!	#NUM!	33	PA	AS9601	NA	#NUM!
375	53-N10	203818047	289311842.1	85493795.06	NA	NA	NA	8.309242636	8.461366211	7.931934596	#NUM!	#NUM!	#NUM!	33	PA	AS9601	NA	#NUM!
376	61-N10	230126945.7	221003947.4	-9122998.336	0	35213070.57	35213070.57	8.361967473	8.344400031	#NUM!	#NUM!	7.546703897	7.546703897	33	PAR	AS9601	-3.859813329	#NUM!
377	62-N10	222894069.1	234647807	11753737.97	0	22931644.49	22931644.49	8.348098513	8.3704165	7.070176004	#NUM!	7.3604352	7.3604352	33	PAR	AS9601	1.951008654	0.290259196
378	63-N10	199456235.9	225522368.4	26066132.49	0	45522599	45522599	8.299847619	8.353189624	7.416076598	#NUM!	7.658227049	7.658227049	33	PAR	AS9601	1.746427055	0.242150451
397	11-N11	205778101.4	346456578.9	140678477.5	NA	NA	NA	8.313399156	8.539648813	8.14822766	#NUM!	#NUM!	#NUM!	36	P	AS9601	NA	#NUM!
398	12-N11	195177244	339811842.1	144634598.1	NA	NA	NA	8.290429181	8.53123851	8.160272193	#NUM!	#NUM!	#NUM!	36	P	AS9601	NA	#NUM!
399	13-N11	206661506.2	365549122.8	158887616.6	NA	NA	NA	8.31525959	8.562945746	8.201090051	#NUM!	#NUM!	#NUM!	36	P	AS9601	NA	#NUM!
400	21-N11	32724625.89	43997017.54	11272391.65	3726131.661	12498244.83	16224376.49	7.51487469	7.643423238	7.05201607	6.571258196	7.096849028	7.210168016	36	PC	AS9601	0.495784934	-0.304706675
401	22-N11	46577517.13	43181929.82	-3395587.305	2934224.798	14108211.95	17042436.75	7.668176334	7.635302047	#NUM!	6.467493383	7.149471976	7.231531691	36	PC	AS9601	0.365894058	-0.436644643
402	23-N11	31598284.8	39567192.98	7968908.187	2711614.361	11974156.34	14685770.7	7.499663509	7.597335241	6.901398823	6.433227925	7.078244924	7.166896743	36	PC	AS9601	0.464764806	-0.332766766
403	31-N11	48189730.86	61689736.84	13500005.99	2952528.638	28845106.74	31797635.38	7.682954501	7.790212918	7.130333961	6.470194119	7.46007215	7.502394825	36	PAC	AS9601	0.65984256	-0.180559676
404	32-N11	54069893.94	66925789.47	12855895.54	3983732.17	29186561.9	33170294.06	7.732955518	7.825593503	7.109102335	6.600290133	7.465182939	7.520749322	36	PAC	AS9601	0.61347067	-0.212206196
405	33-N11	31752880.63	45512017.54	13759136.91	3541313.129	27720984.7	31262297.83	7.501783131	7.658126088	7.138591192	6.549164329	7.442808653	7.495020896	36	PAC	AS9601	0.984549975	-0.006762235
406	41-N11	157025200	297196929.8	140171729.8	0	35856642.19	35856642.19	8.195969355	8.473044319	8.146660433	#NUM!	7.554569617	7.554569617	36	PR	AS9601	0.255805092	-0.592090815
407	42-N11	175852764.4	306543859.6	130691095.2	0	38692792.21	38692792.21	8.2451492	8.486492621	8.116245998	#NUM!	7.587630071	7.587630071	36	PR	AS9601	0.296062958	-0.528615926
408	43-N11	195011605.6	369004386	173992780.3	6110.415973	29861602.86	29867713.28	8.290060458	8.567031528	8.240531228	3.786070776	7.475113115	7.475201974	36	PR	AS9601	0.171660647	-0.765329254
409	51-N11	234985672	390799122.8	155813450.8	NA	NA	NA	8.371041382	8.59195358	8.192604946	#NUM!	#NUM!	#NUM!	36	PA	AS9601	NA	#NUM!
410	52-N11	223501409.8	365017543.9	141516134	NA	NA	NA	8.349280267	8.562313738	8.150805956	#NUM!	#NUM!	#NUM!	36	PA	AS9601	NA	#NUM!
411	53-N11	225102581	387343859.6	162241278.6	NA	NA	NA	8.352380475	8.588096676	8.21016136	#NUM!	#NUM!	#NUM!	36	PA	AS9601	NA	#NUM!
412	61-N11	244592699	350753508.8	106160809.8	0	33427343.48	33427343.48	8.388443489	8.545002024	8.025964223	#NUM!	7.524101864	7.524101864	36	PAR	AS9601	0.314874609	-0.501862359
413	62-N11	258175047.5	354740350.9	96565303.34	0	39601605.92	39601605.92	8.411914266	8.549910591	7.984821109	#NUM!	7.597712798	7.597712798	36	PAR	AS9601	0.410101812	-0.387108311
414	63-N11	238740142.3	339989035.1	101248892.8	0	28534940.48	28534940.48	8.377925448	8.531464911	8.005390283	#NUM!	7.455376971	7.455376971	36	PAR	AS9601	0.281829655	-0.550013311
433	11-N12	262039943.5	347475438.6	85435495.14	NA	NA	NA	8.418367497	8.540924112	7.931638341	#NUM!	#NUM!	#NUM!	42	P	AS9601	NA	#NUM!
434	12-N12	226372475.4	327541228.1	101168752.7	NA	NA	NA	8.35482362	8.515265973	8.005046396	#NUM!	#NUM!	#NUM!	42	P	AS9601	NA	#NUM!
435	13-N12	221927845.1	349070175.4	127142330.4	NA	NA	NA	8.346211796	8.542912744	8.104290167	#NUM!	#NUM!	#NUM!	42	P	AS9601	NA	#NUM!
436	21-N12	102005645.9	95263377.19	-6742268.726	4892413.156	74886862.72	79779275.88	8.00862421	7.978925974	#NUM!	6.689523125	7.874405637	7.90189009	42	PC	AS9601	0.782106472	-0.10673412
437	22-N12	118873156	137324561.4	18451405.43	4069537.038	73740499.97	77810037	8.075083793	8.137748221	7.266029452	6.609545006	7.867706078	7.891035622	42	PC	AS9601	0.654563567	-0.184048171
438	23-N12	101508730.7	122816886	21308155.24	4351975.17	81968294.24	86320269.41	8.006503397	8.089258082	7.328545852	6.638686409	7.913645898	7.936112787	42	PC	AS9601	0.850372857	-0.07039061
439	31-N12	95877025.24	115175438.6	19298413.35	5778252.747	122842727.7	128620980.4	7.981714551	8.061359875	7.285521604	6.761796534	8.089349451	8.109311816	42	PAC	AS9601	1.34152035	0.127597265
440	32-N12	131351248.5	109283771.9	-22067476.59	3891969.568	103350702.9	107242672.4	8.118434205	8.038555676	#NUM!	6.590169436	8.014313434	8.030367628	42	PAC	AS9601	0.816457199	-0.088066577
441	33-N12	83233294.3	83635087.72	401793.4176	4083786.224	123610723.3	127694509.5	7.920297084	7.922388517	5.604002818	6.611063	8.092056148	8.106172224	42	PAC	AS9601	1.534175844	0.18587514
442	41-N12	172346751.7	323155701.8	150808950.1	0	25190619.05	25190619.05	8.236403102	8.509411823	8.178427116	#NUM!	7.40123884	7.40123884	42	PR	AS9601	0.167036632	-0.777188276
443	42-N12	171767017.3	306056578.9	134289561.7	0	26521582.44	26521582.44	8.234939774	8.485801719	8.128042256	#NUM!	7.423599433	7.423599433	42	PR	AS9601	0.197495487	-0.704442823
444	43-N12	164285683	322579824.6	158294141.5	0	24292661.4	24292661.4	8.215599718	8.508637201	8.199464842	#NUM!	7.385475097	7.385475097	42	PR	AS9601	0.153465322	-0.813989745
445	51-N12	213397467.6	346722368.4	133324900.8	NA	NA	NA	8.329189261	8.539981861	8.124911269	#NUM!	#NUM!	#NUM!	42	PA	AS9601	NA	#NUM!
446	52-N12	194238626.4	312435526.3	118196899.9	NA	NA	NA	8.288335598	8.494760411	8.072606086	#NUM!	#NUM!	#NUM!	42	PA	AS9601	NA	#NUM!
447	53-N12	214556936.4	343444298.2	128887361.8	NA	NA	NA	8.331542559	8.535856311	8.110210334	#NUM!	#NUM!	#NUM!	42	PA	AS9601	NA	#NUM!
448	61-N12	213618318.8	427610964.9	213992646.1	36662.49584	23537322.33	23573984.83	8.329638493	8.631048833	8.330398849	4.564222027	7.371757055	7.372433	42	PAR	AS9601	0.110162593	-0.957965849
449	62-N12	218145768.3	403512719.3	185366950.9	2967193.616	30850266.13	33817459.75	8.338746793	8.605857229	8.268032306	6.472345886	7.489258915	7.529140982	42	PAR	AS9601	0.182435216	-0.738891325
450	63-N12	241390356.7	412372368.4	170982011.7	1651186.012	16988869.41	18640055.42	8.382719916	8.615289557	8.232950423	6.217796001	7.230164478	7.270447199	42	PAR	AS9601	0.10901764	-0.962503223
469	11-N13	209090869.3	NA	-209090869.3	NA	NA	NA	8.320335068	#NUM!	#NUM!	#NUM!	#NUM!	#NUM!	45	P	AS9601	NA	#NUM!
470	12-N13	219884971.5	379857456.1	159972484.6	NA	NA	NA	8.342195548	8.579620655	8.20404529	#NUM!	#NUM!	#NUM!	45	P	AS9601	NA	#NUM!
471	13-N13	217538427.6	425307456.1	207769028.6	NA	NA	NA	8.337535985	8.628702996	8.317580809	#NUM!	#NUM!	#NUM!	45	P	AS9601	NA	#NUM!
472	21-N13	107361287.4	143910233.9	36548946.51	3766835.651	93390705.26	97157540.91	8.030847711	8.158091679	7.562874863	6.575976672	7.970303655	7.987476514	45	PC	AS9601	0.904958792	-0.043371196
473	22-N13	148163545.8	159798538	11634992.23	2845086.883	125904252.6	128749339.5	8.170741363	8.203572802	7.065766098	6.454095533	8.100040399	8.10974501	45	PC	AS9601	0.868967726	-0.060996353
474	23-N13	139881625.9	159709941.5	19828315.57	4139418.254	123694120.7	127833539	8.145760672	8.203331951	7.297285822	6.616939311	8.092349058	8.106644812	45	PC	AS9601	0.91386941	-0.03911586
475	31-N13	152194080.1	184413596.5	32219516.4	5296026.245	148790206.2	154086232.4	8.18239776	8.265792938	7.508119018	6.723950129	8.172574346	8.187763836	45	PAC	AS9601	1.012432496	0.005366076
476	32-N13	164368502.2	179983771.9	15615269.68	4924924.282	142030427.8	146955352	8.215818598	8.255233349	7.193549489	6.692399558	8.152381395	8.167185407	45	PAC	AS9601	0.894060298	-0.04863319
477	33-N13	128480183	123370614	-5109568.943	4916865.012	182780176	187697041	8.108836146	8.091211726	#NUM!	6.691688285	8.261929091	8.273457426	45	PAC	AS9601	1.460902659	0.16462128
478	41-N13	177950850.8	373434210.5	195483359.8	0	10532511.34	10532511.34	8.250300069	8.572214101	8.291109795	#NUM!	7.022531935	7.022531935	45	PR	AS9601	0.053879324	-1.268577859
479	42-N13	155120358.4	352348245.6	197227887.2	0	10387707.15	10387707.15	8.1906688	8.546972113	8.294968322	#NUM!	7.016519698	7.016519698	45	PR	AS9601	0.052668552	-1.278448625
480	43-N13	138584125.2	381673684.2	243089559	0	12375517.41	12375517.41	8.141713485	8.581692217	8.385766306	#NUM!	7.092563365	7.092563365	45	PR	AS9601	0.050909292	-1.29320294
481	51-N13	NA	420124561.4	420124561.4	NA	NA	NA	NA	8.623378072	8.623378072	#NUM!	#NUM!	#NUM!	45	PA	AS9601	NA	#NUM!
482	52-N13	202741397.5	418264035.1	215522637.6	NA	NA	NA	8.306942436	8.621450523	8.333492893	#NUM!	#NUM!	#NUM!	45	PA	AS9601	NA	#NUM!
483	53-N13	221292897.9	445551754.4	224258856.5	NA	NA	NA	8.344967476	8.648898158	8.350749603	#NUM!	#NUM!	#NUM!	45	PA	AS9601	NA	#NUM!
484	61-N13	231093169.7	453436842.1	222343672.4	15276.03993	14142557.77	14157833.81	8.363787109	8.656516804	8.347024775	4.184010785	7.150527961	7.15099681	45	PAR	AS9601	0.063675452	-1.196027964
485	62-N13	244896369.4	438641228.1	193744858.7	158738.7531	12170988.63	12329727.38	8.388982347	8.642109449	8.287230187	5.200682965	7.085325857	7.090953474	45	PAR	AS9601	0.063638991	-1.196276712
486	63-N13	228884657.7	458309649.1	229424991.4	0	10662675.87	10662675.87	8.359616683	8.661159001	8.360640724	#NUM!	7.027866208	7.027866208	45	PAR	AS9601	0.046475651	-1.332774516
505	11-N14	NA	367852631.6	367852631.6	NA	NA	NA	NA	8.565673867	8.565673867	#NUM!	#NUM!	#NUM!	48	P	AS9601	NA	#NUM!
506	12-N14	NA	354474561.4	354474561.4	NA	NA	NA	NA	8.549585074	8.549585074	#NUM!	#NUM!	#NUM!	48	P	AS9601	NA	#NUM!
507	13-N14	NA	362359649.1	362359649.1	NA	NA	NA	NA	8.55913983	8.55913983	#NUM!	#NUM!	#NUM!	48	P	AS9601	NA	#NUM!
508	21-N14	167156748.6	179407894.7	12251146.15	8470910.4	110819583.6	119290494	8.223123915	8.25384155	7.088176721	6.927930088	8.044616514	8.076605837	48	PC	AS9601	0.713644498	-0.146518078
509	22-N14	166908291	185521052.6	18612761.64	13869962.5	108427881.4	122297843.9	8.22247791	8.2683932	7.269810816	7.142075287	8.035140972	8.087418801	48	PC	AS9601	0.732724799	-0.13505911
510	23-N14	171518559.7	175864035.1	4345475.387	12029724.12	110097596.8	122127320.9	8.234311121	8.245177034	6.638037294	7.080255668	8.041777839	8.08681283	48	PC	AS9601	0.712035602	-0.147498291
511	31-N14	149571472.1	186096929.8	36525457.68	20869976.17	123671675.4	144541651.5	8.174848768	8.269739208	7.562595666	7.319521953	8.092270244	8.159993013	48	PAC	AS9601	0.966371792	-0.014855756
512	32-N14	147280141	198278947.4	50998806.37	14628437.34	105192983.1	119821420.5	8.168144191	8.297276605	7.707560012	7.165197936	8.021986771	8.078534464	48	PAC	AS9601	0.813561283	-0.089609727
513	33-N14	130992365.3	177591666.7	46599301.34	11123923.39	105927591	117051514.4	8.117245984	8.249422583	7.668379405	7.046257989	8.025009096	8.068377037	48	PAC	AS9601	0.893575088	-0.048868947
514	41-N14	NA	374585964.9	374585964.9	0	11821172.13	11821172.13	NA	8.573551501	8.573551501	#NUM!	7.072660541	7.072660541	48	PR	AS9601	0.031557969	-1.50089096
515	42-N14	NA	396114912.3	396114912.3	0	12148134.27	12148134.27	NA	8.597821192	8.597821192	#NUM!	7.084509584	7.084509584	48	PR	AS9601	0.030668207	-1.513311609
516	43-N14	NA	410201754.4	410201754.4	2035.676275	10221130.58	10223166.25	NA	8.612997513	8.612997513	3.308708715	7.009498937	7.009585424	48	PR	AS9601	0.024922288	-1.60341209
517	51-N14	NA	453702631.6	453702631.6	NA	NA	NA	NA	8.656771298	8.656771298	#NUM!	#NUM!	#NUM!	48	PA	AS9601	NA	#NUM!
518	52-N14	NA	429338596.5	429338596.5	NA	NA	NA	NA	8.632799932	8.632799932	#NUM!	#NUM!	#NUM!	48	PA	AS9601	NA	#NUM!
519	53-N14	NA	432705263.2	432705263.2	NA	NA	NA	NA	8.636192178	8.636192178	#NUM!	#NUM!	#NUM!	48	PA	AS9601	NA	#NUM!
520	61-N14	NA	487280701.8	487280701.8	0	8423208.419	8423208.419	NA	8.687779212	8.687779212	#NUM!	6.925477547	6.925477547	48	PAR	AS9601	0.017286152	-1.762301665
521	62-N14	NA	472839473.7	472839473.7	0	11154678.83	11154678.83	NA	8.674713725	8.674713725	#NUM!	7.047457071	7.047457071	48	PAR	AS9601	0.023590837	-1.627256655
522	63-N14	NA	464865789.5	464865789.5	0	8466237.411	8466237.411	NA	8.667327587	8.667327587	#NUM!	6.927690443	6.927690443	48	PAR	AS9601	0.018212219	-1.739637144
541	11-N15	NA	456803508.8	456803508.8	NA	NA	NA	NA	8.659729431	8.659729431	#NUM!	#NUM!	#NUM!	51	P	AS9601	NA	#NUM!
542	12-N15	NA	450867543.9	450867543.9	NA	NA	NA	NA	8.654048973	8.654048973	#NUM!	#NUM!	#NUM!	51	P	AS9601	NA	#NUM!
543	13-N15	NA	441210526.3	441210526.3	NA	NA	NA	NA	8.644645865	8.644645865	#NUM!	#NUM!	#NUM!	51	P	AS9601	NA	#NUM!
544	21-N15	163043395.1	190925438.6	27882043.52	10411120.27	197140255.8	207551376.1	8.21230321	8.280863797	7.445324601	7.017497463	8.294775316	8.317125617	51	PC	AS9601	1.272982423	0.104822407
545	22-N15	177398722.8	210549561.4	33150838.62	13891012.31	230953355.7	244844368.1	8.248950489	8.323354341	7.520494519	7.142733896	8.363524277	8.388890119	51	PC	AS9601	1.380192395	0.13993963
546	23-N15	184880057	202221491.2	17341434.2	9203757.012	200410285.1	209614042.2	8.266890066	8.305827309	7.239085012	6.963965144	8.301920006	8.321420373	51	PC	AS9601	1.133783954	0.054530306
547	31-N15	148053120.2	205233771.9	57180651.75	11274521.7	208619353.6	219893875.3	8.170417564	8.312248827	7.757249101	7.052098127	8.319354595	8.342213133	51	PAC	AS9601	1.485236347	0.171795569
548	32-N15	135133325.2	199563596.5	64430271.25	13329985.04	201883132.2	215213117.2	8.130762464	8.300081322	7.80908996	7.124829662	8.305100034	8.332868738	51	PAC	AS9601	1.592598397	0.202106274
549	33-N15	152497750.5	205366666.7	52868916.18	6664088.963	117190442.5	123854531.5	8.183263437	8.312529954	7.723200407	6.823740786	8.068892194	8.092911901	51	PAC	AS9601	0.812172842	-0.090351537
550	41-N15	NA	392305263.2	392305263.2	194011.4717	3347920.648	3541932.12	NA	8.593624135	8.593624135	5.28782741	6.524775156	6.549240234	51	PR	AS9601	0.00902851	-2.044383901
551	42-N15	NA	394342982.5	394342982.5	0	2587363.072	2587363.072	NA	8.595874117	8.595874117	#NUM!	6.412857375	6.412857375	51	PR	AS9601	0.0065612	-2.183016741
552	43-N15	NA	399835964.9	399835964.9	81427.051	2588565.951	2669993.002	NA	8.601881856	8.601881856	4.910768706	6.413059234	6.426510123	51	PR	AS9601	0.006677721	-2.175371733
553	51-N15	NA	400190350.9	400190350.9	NA	NA	NA	NA	8.602266613	8.602266613	#NUM!	#NUM!	#NUM!	51	PA	AS9601	NA	#NUM!
554	52-N15	NA	425440350.9	425440350.9	NA	NA	NA	NA	8.628838678	8.628838678	#NUM!	#NUM!	#NUM!	51	PA	AS9601	NA	#NUM!
555	53-N15	NA	401430701.8	401430701.8	NA	NA	NA	NA	8.603610585	8.603610585	#NUM!	#NUM!	#NUM!	51	PA	AS9601	NA	#NUM!
556	61-N15	NA	465928947.4	465928947.4	80657.49085	2322772.792	2403430.283	NA	8.668319693	8.668319693	4.906644708	6.36600673	6.380831529	51	PAR	AS9601	0.005158362	-2.287488164
557	62-N15	NA	471244736.8	471244736.8	79115.80677	2308224.053	2387339.86	NA	8.673246513	8.673246513	4.898263261	6.363277962	6.377914249	51	PAR	AS9601	0.00506603	-2.295332263
558	63-N15	NA	494279824.6	494279824.6	48829.16343	1383492.964	1432322.127	NA	8.693972884	8.693972884	4.688679284	6.140976955	6.156040701	51	PAR	AS9601	0.002897796	-2.537932183
