type	pro_type	time	N	value	sd	se	ci	ID	parameter	ID_type	parameter1
P	NATL1A	0	3	6.958198515	0.018840495	0.010877565	0.046802383	NATL1A_P_0	pro	NATL1A_P	pro
P	NATL1A	3	3	7.29834121	0.038761013	0.022378681	0.096287695	NATL1A_P_3	pro	NATL1A_P	pro
P	NATL1A	6	3	7.638604384	0.009671097	0.00558361	0.024024336	NATL1A_P_6	pro	NATL1A_P	pro
P	NATL1A	9	3	8.083883254	0.011513291	0.006647202	0.028600601	NATL1A_P_9	pro	NATL1A_P	pro
P	NATL1A	12	3	8.22436269	0.028096436	0.016221485	0.069795415	NATL1A_P_12	pro	NATL1A_P	pro
P	NATL1A	14	3	8.354014252	0.047094383	0.027189955	0.116988933	NATL1A_P_14	pro	NATL1A_P	pro
P	NATL1A	18	3	8.3224698	0.032439945	0.018729211	0.080585292	NATL1A_P_18	pro	NATL1A_P	pro
P	NATL1A	21	3	8.314466773	0.029881358	0.01725201	0.074229408	NATL1A_P_21	pro	NATL1A_P	pro
P	NATL1A	24	3	8.382470774	0.008110464	0.004682578	0.020147508	NATL1A_P_24	pro	NATL1A_P	pro
P	NATL1A	30	3	8.326902963	0.042718636	0.024663616	0.106118976	NATL1A_P_30	pro	NATL1A_P	pro
P	NATL1A	33	3	8.304146502	0.009349113	0.005397713	0.023224483	NATL1A_P_33	pro	NATL1A_P	pro
P	NATL1A	36	3	8.306362642	0.013830101	0.007984813	0.034355876	NATL1A_P_36	pro	NATL1A_P	pro
P	NATL1A	42	3	8.373134304	0.039409037	0.022752818	0.097897474	NATL1A_P_42	pro	NATL1A_P	pro
P	NATL1A	45	3	8.333355534	0.011514221	0.006647738	0.02860291	NATL1A_P_45	pro	NATL1A_P	pro
PA	NATL1A	0	3	6.905827508	0.025423264	0.014678128	0.063154889	NATL1A_PA_0	pro	NATL1A_PA	pro
PA	NATL1A	3	3	7.283817551	0.010366449	0.005985072	0.025751686	NATL1A_PA_3	pro	NATL1A_PA	pro
PA	NATL1A	6	3	7.638984854	0.016410455	0.009474581	0.040765831	NATL1A_PA_6	pro	NATL1A_PA	pro
PA	NATL1A	9	3	7.97533759	0.008671602	0.005006552	0.021541453	NATL1A_PA_9	pro	NATL1A_PA	pro
PA	NATL1A	12	3	8.057653097	0.064808611	0.037417269	0.160993515	NATL1A_PA_12	pro	NATL1A_PA	pro
PA	NATL1A	14	3	8.098978714	0.088913845	0.051334432	0.220874235	NATL1A_PA_14	pro	NATL1A_PA	pro
PA	NATL1A	18	3	8.360698331	0.02875027	0.016598976	0.071419629	NATL1A_PA_18	pro	NATL1A_PA	pro
PA	NATL1A	21	3	8.317037192	0.020000189	0.011547114	0.049683224	NATL1A_PA_21	pro	NATL1A_PA	pro
PA	NATL1A	24	3	8.362519431	0.037014743	0.021370472	0.091949718	NATL1A_PA_24	pro	NATL1A_PA	pro
PA	NATL1A	30	3	8.339575896	0.021060178	0.012159099	0.052316382	NATL1A_PA_30	pro	NATL1A_PA	pro
PA	NATL1A	33	3	8.330849199	0.025614853	0.014788742	0.063630823	NATL1A_PA_33	pro	NATL1A_PA	pro
PA	NATL1A	36	3	8.357567375	0.011771341	0.006796187	0.029241633	NATL1A_PA_36	pro	NATL1A_PA	pro
PA	NATL1A	42	3	8.316355806	0.024294723	0.014026565	0.060351437	NATL1A_PA_42	pro	NATL1A_PA	pro
PA	NATL1A	45	2	8.325954956	0.026887764	0.01901252	0.241576972	NATL1A_PA_45	pro	NATL1A_PA	pro
PAC	NATL1A	0	3	6.865073956	0.035685218	0.02060287	0.088646997	NATL1A_PAC_0	pro	NATL1A_PAC	pro
PAC	NATL1A	3	3	7.172405088	0.01740181	0.01004694	0.043228494	NATL1A_PAC_3	pro	NATL1A_PAC	pro
PAC	NATL1A	6	3	5.357085255	0.066040562	0.038128536	0.16405385	NATL1A_PAC_6	pro	NATL1A_PAC	pro
PAC	NATL1A	9	3	5.931433478	0.031470049	0.018169241	0.078175934	NATL1A_PAC_9	pro	NATL1A_PAC	pro
PAC	NATL1A	12	3	6.358302012	0.015233933	0.008795315	0.037843188	NATL1A_PAC_12	pro	NATL1A_PAC	pro
PAC	NATL1A	14	3	6.296259128	0.065118723	0.037596312	0.161763877	NATL1A_PAC_14	pro	NATL1A_PAC	pro
PAC	NATL1A	18	3	5.791837373	0.032278292	0.01863588	0.080183722	NATL1A_PAC_18	pro	NATL1A_PAC	pro
PAC	NATL1A	21	3	5.981285645	0.056487483	0.032613064	0.140322687	NATL1A_PAC_21	pro	NATL1A_PAC	pro
PAC	NATL1A	24	3	6.096701494	0.115133877	0.066472575	0.286008407	NATL1A_PAC_24	pro	NATL1A_PAC	pro
PAC	NATL1A	30	3	6.905817163	0.185145776	0.106893963	0.459927603	NATL1A_PAC_30	pro	NATL1A_PAC	pro
PAC	NATL1A	33	3	7.2403129	0.187910695	0.10849029	0.466796043	NATL1A_PAC_33	pro	NATL1A_PAC	pro
PAC	NATL1A	36	3	7.63923105	0.121630478	0.070223389	0.302146858	NATL1A_PAC_36	pro	NATL1A_PAC	pro
PAC	NATL1A	42	3	8.00681528	0.101425414	0.05855799	0.251954696	NATL1A_PAC_42	pro	NATL1A_PAC	pro
PAC	NATL1A	45	3	8.169017501	0.054731935	0.031599498	0.135961665	NATL1A_PAC_45	pro	NATL1A_PAC	pro
PAC	NATL1A	48	3	8.153412981	0.031500422	0.018186777	0.078251386	NATL1A_PAC_48	pro	NATL1A_PAC	pro
PAC	NATL1A	51	3	8.161481155	0.027367546	0.01580066	0.067984754	NATL1A_PAC_51	pro	NATL1A_PAC	pro
PAR	NATL1A	0	3	6.893228341	0.014235178	0.008218684	0.035362141	NATL1A_PAR_0	pro	NATL1A_PAR	pro
PAR	NATL1A	3	3	7.383063951	0.00342463	0.001977211	0.008507251	NATL1A_PAR_3	pro	NATL1A_PAR	pro
PAR	NATL1A	6	3	7.689832366	0.077960435	0.045010478	0.193664457	NATL1A_PAR_6	pro	NATL1A_PAR	pro
PAR	NATL1A	9	3	7.948909833	0.030984523	0.017888923	0.076969823	NATL1A_PAR_9	pro	NATL1A_PAR	pro
PAR	NATL1A	12	3	8.173020007	0.048342522	0.027910568	0.120089481	NATL1A_PAR_12	pro	NATL1A_PAR	pro
PAR	NATL1A	14	3	8.113660222	0.106238874	0.061337042	0.263911992	NATL1A_PAR_14	pro	NATL1A_PAR	pro
PAR	NATL1A	18	3	8.33727309	0.007421176	0.004284618	0.018435224	NATL1A_PAR_18	pro	NATL1A_PAR	pro
PAR	NATL1A	21	3	8.228737308	0.016399299	0.00946814	0.040738116	NATL1A_PAR_21	pro	NATL1A_PAR	pro
PAR	NATL1A	24	3	8.391594026	0.018590165	0.010733037	0.046180531	NATL1A_PAR_24	pro	NATL1A_PAR	pro
PAR	NATL1A	30	3	8.33337445	0.144401637	0.083370324	0.358713553	NATL1A_PAR_30	pro	NATL1A_PAR	pro
PAR	NATL1A	33	3	8.336637868	0.03260719	0.01882577	0.081000751	NATL1A_PAR_33	pro	NATL1A_PAR	pro
PAR	NATL1A	36	3	8.392761068	0.017400892	0.01004641	0.043226213	NATL1A_PAR_36	pro	NATL1A_PAR	pro
PAR	NATL1A	42	3	8.350368401	0.028384955	0.016388062	0.070512138	NATL1A_PAR_42	pro	NATL1A_PAR	pro
PAR	NATL1A	45	3	8.37079538	0.015887808	0.00917283	0.039467503	NATL1A_PAR_45	pro	NATL1A_PAR	pro
PC	NATL1A	0	3	6.841478096	0.061991082	0.035790568	0.153994384	NATL1A_PC_0	pro	NATL1A_PC	pro
PC	NATL1A	3	3	6.22566776	0.071225763	0.041122213	0.176934604	NATL1A_PC_3	pro	NATL1A_PC	pro
PC	NATL1A	6	3	5.277727983	0.006013834	0.003472089	0.014939192	NATL1A_PC_6	pro	NATL1A_PC	pro
PC	NATL1A	9	3	5.88476434	0.011887302	0.006863137	0.029529695	NATL1A_PC_9	pro	NATL1A_PC	pro
PC	NATL1A	12	3	6.266253792	0.054324599	0.031364322	0.134949784	NATL1A_PC_12	pro	NATL1A_PC	pro
PC	NATL1A	14	3	5.700900474	0.103339543	0.059663113	0.256709657	NATL1A_PC_14	pro	NATL1A_PC	pro
PC	NATL1A	18	3	5.714032391	0.100227236	0.057866222	0.248978256	NATL1A_PC_18	pro	NATL1A_PC	pro
PC	NATL1A	21	3	5.851891275	0.080176062	0.046289671	0.19916838	NATL1A_PC_21	pro	NATL1A_PC	pro
PC	NATL1A	24	3	5.983430091	0.09836683	0.056792115	0.244356751	NATL1A_PC_24	pro	NATL1A_PC	pro
PC	NATL1A	30	3	6.835726383	0.080166215	0.046283986	0.199143917	NATL1A_PC_30	pro	NATL1A_PC	pro
PC	NATL1A	33	3	7.160722943	0.065094188	0.037582147	0.161702928	NATL1A_PC_33	pro	NATL1A_PC	pro
PC	NATL1A	36	3	7.560904844	0.093210645	0.053815191	0.231548079	NATL1A_PC_36	pro	NATL1A_PC	pro
PC	NATL1A	42	3	8.030070467	0.038997104	0.022514989	0.096874177	NATL1A_PC_42	pro	NATL1A_PC	pro
PC	NATL1A	45	3	8.115783249	0.074609268	0.043075681	0.185339697	NATL1A_PC_45	pro	NATL1A_PC	pro
PC	NATL1A	48	3	8.226637649	0.006653267	0.003841266	0.016527632	NATL1A_PC_48	pro	NATL1A_PC	pro
PC	NATL1A	51	3	8.242714588	0.027822582	0.016063375	0.069115125	NATL1A_PC_51	pro	NATL1A_PC	pro
PR	NATL1A	0	3	6.885599754	0.013113574	0.007571126	0.032575925	NATL1A_PR_0	pro	NATL1A_PR	pro
PR	NATL1A	3	3	7.249857571	0.029118287	0.016811451	0.072333835	NATL1A_PR_3	pro	NATL1A_PR	pro
PR	NATL1A	6	3	7.708797948	0.013217273	0.007630996	0.032833527	NATL1A_PR_6	pro	NATL1A_PR	pro
PR	NATL1A	9	3	7.993127626	0.116456164	0.067235997	0.289293148	NATL1A_PR_9	pro	NATL1A_PR	pro
PR	NATL1A	12	3	8.213445033	0.023397894	0.01350878	0.05812359	NATL1A_PR_12	pro	NATL1A_PR	pro
PR	NATL1A	14	3	8.314911721	0.019988657	0.011540457	0.049654578	NATL1A_PR_14	pro	NATL1A_PR	pro
PR	NATL1A	18	3	8.351042477	0.029184621	0.016849749	0.072498618	NATL1A_PR_18	pro	NATL1A_PR	pro
PR	NATL1A	21	3	8.239800013	0.05868039	0.033879139	0.145770171	NATL1A_PR_21	pro	NATL1A_PR	pro
PR	NATL1A	24	3	8.391763708	0.015876426	0.009166259	0.039439229	NATL1A_PR_24	pro	NATL1A_PR	pro
PR	NATL1A	30	3	8.288170287	0.035319098	0.020391491	0.087737503	NATL1A_PR_30	pro	NATL1A_PR	pro
PR	NATL1A	33	3	8.232793939	0.018342285	0.010589923	0.045564761	NATL1A_PR_33	pro	NATL1A_PR	pro
PR	NATL1A	36	3	8.243726338	0.047061686	0.027171077	0.11690771	NATL1A_PR_36	pro	NATL1A_PR	pro
PR	NATL1A	42	3	8.228980865	0.011611488	0.006703896	0.028844535	NATL1A_PR_42	pro	NATL1A_PR	pro
PR	NATL1A	45	3	8.194227451	0.054380691	0.031396707	0.135089125	NATL1A_PR_45	pro	NATL1A_PR	pro
P	NATL1A	0	3	6.478650019	0.102933741	0.059428823	0.255701589	NATL1A_P_0	Bac	NATL1A_P	Bac
P	NATL1A	6	3	6.87497124	0.136767778	0.078962913	0.339749995	NATL1A_P_6	Bac	NATL1A_P	Bac
P	NATL1A	18	2	6.636471772	0.814643736	0.57604011	7.319283574	NATL1A_P_18	Bac	NATL1A_P	Bac
P	NATL1A	21	1	7.290101609	NA	NA	NA	NATL1A_P_21	Bac	NATL1A_P	Bac
P	NATL1A	24	2	7.280887264	0.122960922	0.086946502	1.104760056	NATL1A_P_24	Bac	NATL1A_P	Bac
P	NATL1A	30	3	7.850731157	0.184560885	0.106556276	0.458474653	NATL1A_P_30	Bac	NATL1A_P	Bac
P	NATL1A	33	3	7.82957082	0.374552279	0.216247859	0.930439442	NATL1A_P_33	Bac	NATL1A_P	Bac
P	NATL1A	36	3	8.169863301	0.027705597	0.015995834	0.068824519	NATL1A_P_36	Bac	NATL1A_P	Bac
P	NATL1A	42	3	8.013658301	0.086647487	0.05002595	0.215244289	NATL1A_P_42	Bac	NATL1A_P	Bac
P	NATL1A	45	2	8.26081305	0.080281735	0.05676776	0.721302775	NATL1A_P_45	Bac	NATL1A_P	Bac
PA	NATL1A	0	3	6.595135934	0.171320697	0.098912051	0.425584205	NATL1A_PA_0	Bac	NATL1A_PA	Bac
PA	NATL1A	3	3	6.619744349	0.080767872	0.046631353	0.200638517	NATL1A_PA_3	Bac	NATL1A_PA	Bac
PA	NATL1A	6	3	6.621308111	0.328185616	0.189478054	0.815258266	NATL1A_PA_6	Bac	NATL1A_PA	Bac
PA	NATL1A	12	3	8.05125013	0.072637103	0.041937051	0.180440566	NATL1A_PA_12	Bac	NATL1A_PA	Bac
PA	NATL1A	14	3	7.081806472	0.908464342	0.524502132	2.256750531	NATL1A_PA_14	Bac	NATL1A_PA	Bac
PA	NATL1A	21	3	6.566301592	0.479158467	0.27664227	1.190295618	NATL1A_PA_21	Bac	NATL1A_PA	Bac
PA	NATL1A	24	1	7.491638106	NA	NA	NA	NATL1A_PA_24	Bac	NATL1A_PA	Bac
PA	NATL1A	30	3	8.124242013	0.061318384	0.035402186	0.152323311	NATL1A_PA_30	Bac	NATL1A_PA	Bac
PA	NATL1A	33	3	7.846113833	0.074423332	0.042968331	0.184877805	NATL1A_PA_33	Bac	NATL1A_PA	Bac
PA	NATL1A	36	3	8.184524087	0.030491658	0.017604367	0.075745477	NATL1A_PA_36	Bac	NATL1A_PA	Bac
PA	NATL1A	42	3	8.102575896	0.026975387	0.015574247	0.067010577	NATL1A_PA_42	Bac	NATL1A_PA	Bac
PA	NATL1A	45	2	8.342121248	0.012202337	0.008628355	0.109633645	NATL1A_PA_45	Bac	NATL1A_PA	Bac
PAC	NATL1A	0	3	6.688581769	0.095749262	0.055280862	0.237854352	NATL1A_PAC_0	Bac	NATL1A_PAC	Bac
PAC	NATL1A	3	3	6.05760031	0.687021021	0.396651772	1.706654828	NATL1A_PAC_3	Bac	NATL1A_PAC	Bac
PAC	NATL1A	6	3	7.133046072	0.009567578	0.005523843	0.02376718	NATL1A_PAC_6	Bac	NATL1A_PAC	Bac
PAC	NATL1A	9	3	7.156672408	0.045954879	0.026532062	0.114158249	NATL1A_PAC_9	Bac	NATL1A_PAC	Bac
PAC	NATL1A	12	3	7.175804453	0.018618575	0.010749439	0.046251105	NATL1A_PAC_12	Bac	NATL1A_PAC	Bac
PAC	NATL1A	14	3	7.141120009	0.034102533	0.019689107	0.084715388	NATL1A_PAC_14	Bac	NATL1A_PAC	Bac
PAC	NATL1A	18	3	7.160691373	0.018715006	0.010805114	0.046490653	NATL1A_PAC_18	Bac	NATL1A_PAC	Bac
PAC	NATL1A	21	3	7.132742804	0.019616615	0.011325658	0.048730372	NATL1A_PAC_21	Bac	NATL1A_PAC	Bac
PAC	NATL1A	24	3	7.12029131	0.021426199	0.012370422	0.053225629	NATL1A_PAC_24	Bac	NATL1A_PAC	Bac
PAC	NATL1A	30	3	7.096134055	0.060035614	0.034661578	0.149136734	NATL1A_PAC_30	Bac	NATL1A_PAC	Bac
PAC	NATL1A	33	3	7.063445169	0.074446115	0.042981484	0.184934401	NATL1A_PAC_33	Bac	NATL1A_PAC	Bac
PAC	NATL1A	36	3	7.126009163	0.015212695	0.008783053	0.037790429	NATL1A_PAC_36	Bac	NATL1A_PAC	Bac
PAC	NATL1A	42	2	6.444762211	1.189013336	0.840759393	10.68286098	NATL1A_PAC_42	Bac	NATL1A_PAC	Bac
PAC	NATL1A	45	2	7.350834254	0.222434247	0.157284765	1.99849242	NATL1A_PAC_45	Bac	NATL1A_PAC	Bac
PAC	NATL1A	48	3	7.646178361	0.074988867	0.043294843	0.186282672	NATL1A_PAC_48	Bac	NATL1A_PAC	Bac
PAC	NATL1A	51	3	7.763179823	0.043250826	0.024970876	0.107441007	NATL1A_PAC_51	Bac	NATL1A_PAC	Bac
PAR	NATL1A	0	3	6.290090727	0.245781562	0.141902051	0.610555246	NATL1A_PAR_0	Bac	NATL1A_PAR	Bac
PAR	NATL1A	3	3	6.438070401	0.252586429	0.145830843	0.627459474	NATL1A_PAR_3	Bac	NATL1A_PAR	Bac
PAR	NATL1A	6	2	6.903369327	0.298757017	0.211253113	2.684225299	NATL1A_PAR_6	Bac	NATL1A_PAR	Bac
PAR	NATL1A	9	2	7.065286898	0.123691535	0.087463123	1.111324348	NATL1A_PAR_9	Bac	NATL1A_PAR	Bac
PAR	NATL1A	12	3	7.881894257	0.12373093	0.071436086	0.30736467	NATL1A_PAR_12	Bac	NATL1A_PAR	Bac
PAR	NATL1A	14	2	7.69688879	0.063723054	0.045059003	0.572528924	NATL1A_PAR_14	Bac	NATL1A_PAR	Bac
PAR	NATL1A	21	2	7.323508473	0.297174918	0.2101344	2.670010702	NATL1A_PAR_21	Bac	NATL1A_PAR	Bac
PAR	NATL1A	30	3	8.012521319	0.228411575	0.131873484	0.567405807	NATL1A_PAR_30	Bac	NATL1A_PAR	Bac
PAR	NATL1A	33	2	7.243126301	0.244588656	0.172950297	2.197541883	NATL1A_PAR_33	Bac	NATL1A_PAR	Bac
PAR	NATL1A	36	3	8.005391872	0.020571557	0.011876994	0.051102581	NATL1A_PAR_36	Bac	NATL1A_PAR	Bac
PAR	NATL1A	42	3	8.277127193	0.049356729	0.028496121	0.122608911	NATL1A_PAR_42	Bac	NATL1A_PAR	Bac
PAR	NATL1A	45	3	8.331631895	0.039051022	0.022546118	0.097008116	NATL1A_PAR_45	Bac	NATL1A_PAR	Bac
PC	NATL1A	0	3	6.346515989	0.142398759	0.082213962	0.353738127	NATL1A_PC_0	Bac	NATL1A_PC	Bac
PC	NATL1A	3	3	6.864508447	0.036495216	0.021070523	0.090659143	NATL1A_PC_3	Bac	NATL1A_PC	Bac
PC	NATL1A	6	3	6.965289383	0.004411833	0.002547173	0.010959602	NATL1A_PC_6	Bac	NATL1A_PC	Bac
PC	NATL1A	9	3	6.959336357	0.019503856	0.011260557	0.048450265	NATL1A_PC_9	Bac	NATL1A_PC	Bac
PC	NATL1A	12	3	6.990821778	0.101766604	0.058754976	0.252802259	NATL1A_PC_12	Bac	NATL1A_PC	Bac
PC	NATL1A	14	3	6.93409705	0.030131137	0.01739622	0.074849893	NATL1A_PC_14	Bac	NATL1A_PC	Bac
PC	NATL1A	18	3	6.927559512	0.031914997	0.018426132	0.079281248	NATL1A_PC_18	Bac	NATL1A_PC	Bac
PC	NATL1A	21	3	6.945310668	0.019992801	0.011542849	0.049664871	NATL1A_PC_21	Bac	NATL1A_PC	Bac
PC	NATL1A	24	3	6.962583414	0.015951403	0.009209547	0.039625481	NATL1A_PC_24	Bac	NATL1A_PC	Bac
PC	NATL1A	30	3	6.826862985	0.10601213	0.061206132	0.263348729	NATL1A_PC_30	Bac	NATL1A_PC	Bac
PC	NATL1A	33	3	6.801589284	0.104451403	0.060305046	0.259471669	NATL1A_PC_33	Bac	NATL1A_PC	Bac
PC	NATL1A	36	2	6.976707447	0.106502477	0.075308623	0.956886789	NATL1A_PC_36	Bac	NATL1A_PC	Bac
PC	NATL1A	42	2	7.297287652	0.04420577	0.0312582	0.397173089	NATL1A_PC_42	Bac	NATL1A_PC	Bac
PC	NATL1A	45	3	7.308642261	0.248748885	0.143615235	0.617926485	NATL1A_PC_45	Bac	NATL1A_PC	Bac
PC	NATL1A	48	3	6.998674944	0.325257393	0.187787444	0.807984157	NATL1A_PC_48	Bac	NATL1A_PC	Bac
PC	NATL1A	51	3	7.401634711	0.145703235	0.084121802	0.3619469	NATL1A_PC_51	Bac	NATL1A_PC	Bac
PR	NATL1A	0	3	6.094610202	0.156653078	0.090443697	0.389147819	NATL1A_PR_0	Bac	NATL1A_PR	Bac
PR	NATL1A	9	1	6.930291201	NA	NA	NA	NATL1A_PR_9	Bac	NATL1A_PR	Bac
PR	NATL1A	12	3	7.831869371	0.186940578	0.107930193	0.46438614	NATL1A_PR_12	Bac	NATL1A_PR	Bac
PR	NATL1A	21	2	7.759449813	0.126760824	0.089633438	1.138900814	NATL1A_PR_21	Bac	NATL1A_PR	Bac
PR	NATL1A	24	2	7.461265496	0.155685693	0.110086409	1.398780451	NATL1A_PR_24	Bac	NATL1A_PR	Bac
PR	NATL1A	30	3	7.637493085	0.168739073	0.097421549	0.419171095	NATL1A_PR_30	Bac	NATL1A_PR	Bac
PR	NATL1A	33	3	7.696981131	0.148843291	0.085934714	0.369747233	NATL1A_PR_33	Bac	NATL1A_PR	Bac
PR	NATL1A	36	3	8.167812553	0.064786293	0.037404384	0.160938073	NATL1A_PR_36	Bac	NATL1A_PR	Bac
PR	NATL1A	42	3	8.168644738	0.03670242	0.021190152	0.091173866	NATL1A_PR_42	Bac	NATL1A_PR	Bac
PR	NATL1A	45	3	8.323948141	0.053570852	0.030929146	0.133077374	NATL1A_PR_45	Bac	NATL1A_PR	Bac
P	NATL1A	0	3	7.084638703	0.016244649	0.009378852	0.040353945	NATL1A_P_0	Total	NATL1A_P	Total
P	NATL1A	3	3	7.124087346	0.076356064	0.044084194	0.189678978	NATL1A_P_3	Total	NATL1A_P	Total
P	NATL1A	6	3	7.70927051	0.025434205	0.014684445	0.063182068	NATL1A_P_6	Total	NATL1A_P	Total
P	NATL1A	9	3	8.058425512	0.032760183	0.0189141	0.081380805	NATL1A_P_9	Total	NATL1A_P	Total
P	NATL1A	12	3	8.154151424	0.032539343	0.018786599	0.08083221	NATL1A_P_12	Total	NATL1A_P	Total
P	NATL1A	14	3	8.248059037	0.013768672	0.007949346	0.034203277	NATL1A_P_14	Total	NATL1A_P	Total
P	NATL1A	18	3	8.331939097	0.02006759	0.011586028	0.049850656	NATL1A_P_18	Total	NATL1A_P	Total
P	NATL1A	21	3	8.324129491	0.002768988	0.001598676	0.006878548	NATL1A_P_21	Total	NATL1A_P	Total
P	NATL1A	24	3	8.388592301	0.055322197	0.031940285	0.137427955	NATL1A_P_24	Total	NATL1A_P	Total
P	NATL1A	30	3	8.459183131	0.011082329	0.006398386	0.027530031	NATL1A_P_30	Total	NATL1A_P	Total
P	NATL1A	33	3	8.447502671	0.08758888	0.050569464	0.21758284	NATL1A_P_33	Total	NATL1A_P	Total
P	NATL1A	36	3	8.544611023	0.016425737	0.009483404	0.040803794	NATL1A_P_36	Total	NATL1A_P	Total
P	NATL1A	42	3	8.533034276	0.015419894	0.00890268	0.038305139	NATL1A_P_42	Total	NATL1A_P	Total
P	NATL1A	45	2	8.604161826	0.034706456	0.024541171	0.311825137	NATL1A_P_45	Total	NATL1A_P	Total
P	NATL1A	48	3	8.558132924	0.008091521	0.004671642	0.020100452	NATL1A_P_48	Total	NATL1A_P	Total
P	NATL1A	51	3	8.65280809	0.007617961	0.004398232	0.018924065	NATL1A_P_51	Total	NATL1A_P	Total
PA	NATL1A	0	3	7.084089766	0.049221559	0.02841808	0.12227313	NATL1A_PA_0	Total	NATL1A_PA	Total
PA	NATL1A	3	3	7.369885984	0.012529154	0.007233711	0.031124145	NATL1A_PA_3	Total	NATL1A_PA	Total
PA	NATL1A	6	3	7.685971613	0.041270382	0.023827466	0.102521312	NATL1A_PA_6	Total	NATL1A_PA	Total
PA	NATL1A	9	3	7.915198737	0.036594402	0.021127788	0.090905534	NATL1A_PA_9	Total	NATL1A_PA	Total
PA	NATL1A	12	3	8.359082516	0.009275192	0.005355035	0.023040854	NATL1A_PA_12	Total	NATL1A_PA	Total
PA	NATL1A	14	3	8.188873276	0.041039877	0.023694384	0.101948706	NATL1A_PA_14	Total	NATL1A_PA	Total
PA	NATL1A	18	3	8.194916579	0.036149634	0.020871001	0.08980067	NATL1A_PA_18	Total	NATL1A_PA	Total
PA	NATL1A	21	3	8.3282857	0.009220149	0.005323255	0.022904119	NATL1A_PA_21	Total	NATL1A_PA	Total
PA	NATL1A	24	3	8.376461426	0.006676263	0.003854542	0.016584756	NATL1A_PA_24	Total	NATL1A_PA	Total
PA	NATL1A	30	3	8.54688193	0.02671349	0.015423041	0.066359988	NATL1A_PA_30	Total	NATL1A_PA	Total
PA	NATL1A	33	3	8.455181499	0.015394915	0.008888258	0.038243088	NATL1A_PA_33	Total	NATL1A_PA	Total
PA	NATL1A	36	3	8.580787998	0.016114982	0.009303989	0.040031834	NATL1A_PA_36	Total	NATL1A_PA	Total
PA	NATL1A	42	3	8.523532861	0.025002909	0.014435436	0.062110669	NATL1A_PA_42	Total	NATL1A_PA	Total
PA	NATL1A	45	3	8.631242251	0.015320808	0.008845472	0.038058996	NATL1A_PA_45	Total	NATL1A_PA	Total
PA	NATL1A	48	3	8.641921136	0.012971982	0.007489377	0.03222419	NATL1A_PA_48	Total	NATL1A_PA	Total
PA	NATL1A	51	3	8.611571959	0.014968509	0.008642073	0.037183838	NATL1A_PA_51	Total	NATL1A_PA	Total
PAC	NATL1A	0	3	7.089548433	0.030464312	0.017588579	0.075677546	NATL1A_PAC_0	Total	NATL1A_PAC	Total
PAC	NATL1A	3	3	7.225301765	0.0589702	0.034046461	0.146490099	NATL1A_PAC_3	Total	NATL1A_PAC	Total
PAC	NATL1A	6	3	7.140313911	0.009738348	0.005622438	0.024191398	NATL1A_PAC_6	Total	NATL1A_PAC	Total
PAC	NATL1A	9	3	7.181918867	0.043240105	0.024964686	0.107414375	NATL1A_PAC_9	Total	NATL1A_PAC	Total
PAC	NATL1A	12	3	7.237351294	0.017916274	0.010343966	0.044506493	NATL1A_PAC_12	Total	NATL1A_PAC	Total
PAC	NATL1A	14	3	7.199976342	0.021366813	0.012336135	0.053078106	NATL1A_PAC_14	Total	NATL1A_PAC	Total
PAC	NATL1A	18	3	7.178901535	0.018750088	0.010825369	0.046577802	NATL1A_PAC_18	Total	NATL1A_PAC	Total
PAC	NATL1A	21	3	7.162589341	0.016163569	0.009332041	0.04015253	NATL1A_PAC_21	Total	NATL1A_PAC	Total
PAC	NATL1A	24	3	7.160296313	0.024378343	0.014074843	0.06055916	NATL1A_PAC_24	Total	NATL1A_PAC	Total
PAC	NATL1A	30	3	7.32290459	0.030265134	0.017473583	0.07518276	NATL1A_PAC_30	Total	NATL1A_PAC	Total
PAC	NATL1A	33	3	7.473172403	0.085692629	0.049474663	0.212872292	NATL1A_PAC_33	Total	NATL1A_PAC	Total
PAC	NATL1A	36	3	7.757977503	0.088264802	0.050959707	0.219261923	NATL1A_PAC_36	Total	NATL1A_PAC	Total
PAC	NATL1A	42	3	8.007434689	0.0745295	0.043029627	0.185141543	NATL1A_PAC_42	Total	NATL1A_PAC	Total
PAC	NATL1A	45	3	8.204079338	0.09788871	0.056516073	0.243169036	NATL1A_PAC_45	Total	NATL1A_PAC	Total
PAC	NATL1A	48	3	8.272146132	0.024017636	0.013866588	0.059663114	NATL1A_PAC_48	Total	NATL1A_PAC	Total
PAC	NATL1A	51	3	8.308286701	0.007107457	0.004103492	0.017655901	NATL1A_PAC_51	Total	NATL1A_PAC	Total
PAR	NATL1A	0	3	6.996860976	0.045701303	0.026385659	0.113528329	NATL1A_PAR_0	Total	NATL1A_PAR	Total
PAR	NATL1A	3	3	7.433938274	0.02650819	0.015304511	0.065849995	NATL1A_PAR_3	Total	NATL1A_PAR	Total
PAR	NATL1A	6	3	7.728574833	0.028015288	0.016174634	0.069593833	NATL1A_PAR_6	Total	NATL1A_PAR	Total
PAR	NATL1A	9	3	7.981674337	0.022516402	0.012999851	0.055933844	NATL1A_PAR_9	Total	NATL1A_PAR	Total
PAR	NATL1A	12	3	8.354247343	0.064521641	0.037251587	0.16028064	NATL1A_PAR_12	Total	NATL1A_PAR	Total
PAR	NATL1A	14	3	8.203863004	0.025787144	0.014888214	0.064058816	NATL1A_PAR_14	Total	NATL1A_PAR	Total
PAR	NATL1A	18	3	8.064355605	0.023002994	0.013280785	0.057142606	NATL1A_PAR_18	Total	NATL1A_PAR	Total
PAR	NATL1A	21	3	8.265143325	0.031457399	0.018161938	0.07814451	NATL1A_PAR_21	Total	NATL1A_PAR	Total
PAR	NATL1A	24	3	8.253241161	0.033067137	0.01909132	0.082143321	NATL1A_PAR_24	Total	NATL1A_PAR	Total
PAR	NATL1A	30	3	8.526533465	0.008586094	0.004957184	0.02132904	NATL1A_PAR_30	Total	NATL1A_PAR	Total
PAR	NATL1A	33	3	8.356002052	0.013234292	0.007640822	0.032875803	NATL1A_PAR_33	Total	NATL1A_PAR	Total
PAR	NATL1A	36	3	8.542125842	0.009553277	0.005515587	0.023731655	NATL1A_PAR_36	Total	NATL1A_PAR	Total
PAR	NATL1A	42	3	8.61739854	0.012727533	0.007348244	0.031616943	NATL1A_PAR_42	Total	NATL1A_PAR	Total
PAR	NATL1A	45	3	8.653261751	0.009933171	0.005734919	0.024675364	NATL1A_PAR_45	Total	NATL1A_PAR	Total
PAR	NATL1A	48	3	8.676606841	0.010356407	0.005979274	0.02572674	NATL1A_PAR_48	Total	NATL1A_PAR	Total
PAR	NATL1A	51	3	8.67851303	0.013613365	0.00785968	0.033817473	NATL1A_PAR_51	Total	NATL1A_PAR	Total
PC	NATL1A	0	3	6.967976244	0.014834035	0.008564434	0.036849786	NATL1A_PC_0	Total	NATL1A_PC	Total
PC	NATL1A	3	3	6.954742904	0.038559663	0.022262432	0.095787512	NATL1A_PC_3	Total	NATL1A_PC	Total
PC	NATL1A	6	3	6.974117737	0.004211888	0.002431735	0.010462909	NATL1A_PC_6	Total	NATL1A_PC	Total
PC	NATL1A	9	3	6.994472208	0.018422766	0.010636389	0.045764687	NATL1A_PC_9	Total	NATL1A_PC	Total
PC	NATL1A	12	3	7.066546608	0.091150164	0.052625572	0.22642956	NATL1A_PC_12	Total	NATL1A_PC	Total
PC	NATL1A	14	3	6.959377836	0.025481929	0.014711998	0.06330062	NATL1A_PC_14	Total	NATL1A_PC	Total
PC	NATL1A	18	3	6.953532011	0.035708243	0.020616164	0.088704194	NATL1A_PC_18	Total	NATL1A_PC	Total
PC	NATL1A	21	3	6.979182111	0.024341682	0.014053677	0.06046809	NATL1A_PC_21	Total	NATL1A_PC	Total
PC	NATL1A	24	3	7.006352841	0.023382885	0.013500115	0.058086306	NATL1A_PC_24	Total	NATL1A_PC	Total
PC	NATL1A	30	3	7.138462201	0.027183735	0.015694536	0.06752814	NATL1A_PC_30	Total	NATL1A_PC	Total
PC	NATL1A	33	3	7.322273683	0.033274188	0.019210861	0.082657665	NATL1A_PC_33	Total	NATL1A_PC	Total
PC	NATL1A	36	3	7.625353509	0.02460195	0.014203942	0.061114631	NATL1A_PC_36	Total	NATL1A_PC	Total
PC	NATL1A	42	3	8.068644092	0.081393052	0.046992301	0.202191551	NATL1A_PC_42	Total	NATL1A_PC	Total
PC	NATL1A	45	3	8.188332144	0.026189288	0.015120392	0.065057797	NATL1A_PC_45	Total	NATL1A_PC	Total
PC	NATL1A	48	3	8.255803928	0.011731828	0.006773374	0.029143476	NATL1A_PC_48	Total	NATL1A_PC	Total
PC	NATL1A	51	3	8.303348482	0.021353454	0.012328423	0.053044922	NATL1A_PC_51	Total	NATL1A_PC	Total
PR	NATL1A	0	3	6.952555589	0.031615109	0.018252992	0.078536285	NATL1A_PR_0	Total	NATL1A_PR	Total
PR	NATL1A	3	3	7.194932844	0.011538658	0.006661847	0.028663615	NATL1A_PR_3	Total	NATL1A_PR	Total
PR	NATL1A	6	3	7.61555498	0.036814856	0.021255067	0.091453173	NATL1A_PR_6	Total	NATL1A_PR	Total
PR	NATL1A	9	3	7.919922001	0.014426462	0.008329122	0.03583732	NATL1A_PR_9	Total	NATL1A_PR	Total
PR	NATL1A	12	3	8.36977896	0.056114824	0.032397909	0.13939695	NATL1A_PR_12	Total	NATL1A_PR	Total
PR	NATL1A	14	3	8.219883979	0.037822524	0.021836844	0.093956359	NATL1A_PR_14	Total	NATL1A_PR	Total
PR	NATL1A	18	3	8.286251169	0.016845165	0.009725561	0.04184571	NATL1A_PR_18	Total	NATL1A_PR	Total
PR	NATL1A	21	3	8.309841621	0.057237591	0.033046139	0.142186059	NATL1A_PR_21	Total	NATL1A_PR	Total
PR	NATL1A	24	3	8.42352315	0.020965127	0.012104222	0.052080264	NATL1A_PR_24	Total	NATL1A_PR	Total
PR	NATL1A	30	3	8.380193782	0.013399429	0.007736164	0.033286027	NATL1A_PR_30	Total	NATL1A_PR	Total
PR	NATL1A	33	3	8.347339981	0.026343018	0.015209149	0.065439685	NATL1A_PR_33	Total	NATL1A_PR	Total
PR	NATL1A	36	3	8.508856156	0.050828089	0.029345611	0.126263973	NATL1A_PR_36	Total	NATL1A_PR	Total
PR	NATL1A	42	3	8.501283581	0.013413279	0.00774416	0.033320432	NATL1A_PR_42	Total	NATL1A_PR	Total
PR	NATL1A	45	3	8.566959477	0.017946579	0.010361462	0.044581775	NATL1A_PR_45	Total	NATL1A_PR	Total
PR	NATL1A	48	3	8.594790069	0.019896928	0.011487497	0.049426709	NATL1A_PR_48	Total	NATL1A_PR	Total
PR	NATL1A	51	3	8.597126703	0.004268983	0.002464699	0.010604742	NATL1A_PR_51	Total	NATL1A_PR	Total
PAC	NATL1A	0	3	6.097673238	0.039418074	0.022758036	0.097919925	NATL1A_PAC_0	pt	NATL1A_PAC	pt_c
PAC	NATL1A	3	3	7.576071058	0.108917676	0.062883649	0.270566506	NATL1A_PAC_3	pt	NATL1A_PAC	pt_c
PAC	NATL1A	6	3	7.369999233	0.101207128	0.058431962	0.251412442	NATL1A_PAC_6	pt	NATL1A_PAC	pt_c
PAC	NATL1A	9	3	7.484946136	0.167988438	0.09698817	0.417306413	NATL1A_PAC_9	pt	NATL1A_PAC	pt_c
PAC	NATL1A	12	3	6.968511043	0.117881402	0.068058859	0.292833637	NATL1A_PAC_12	pt	NATL1A_PAC	pt_c
PAC	NATL1A	14	3	6.851879369	0.124102894	0.071650839	0.308288679	NATL1A_PAC_14	pt	NATL1A_PAC	pt_c
PAC	NATL1A	18	3	7.379292607	0.04991709	0.028819646	0.124000927	NATL1A_PAC_18	pt	NATL1A_PAC	pt_c
PAC	NATL1A	21	3	7.067588612	0.053052586	0.030629925	0.13178993	NATL1A_PAC_21	pt	NATL1A_PAC	pt_c
PAC	NATL1A	24	3	7.088995326	0.009760444	0.005635195	0.024246286	NATL1A_PAC_24	pt	NATL1A_PAC	pt_c
PAC	NATL1A	30	3	7.321867413	0.030354912	0.017525417	0.075405781	NATL1A_PAC_30	pt	NATL1A_PAC	pt_c
PAC	NATL1A	33	3	7.330531892	0.105559625	0.060944878	0.262224644	NATL1A_PAC_33	pt	NATL1A_PAC	pt_c
PAC	NATL1A	36	3	7.506055014	0.013248989	0.007649307	0.032912314	NATL1A_PAC_36	pt	NATL1A_PAC	pt_c
PAC	NATL1A	42	3	8.081950556	0.044699699	0.025807383	0.111040208	NATL1A_PAC_42	pt	NATL1A_PAC	pt_c
PAC	NATL1A	45	3	8.20946889	0.05636282	0.03254109	0.140013008	NATL1A_PAC_45	pt	NATL1A_PAC	pt_c
PAC	NATL1A	48	3	8.102301505	0.050219776	0.028994401	0.12475284	NATL1A_PAC_48	pt	NATL1A_PAC	pt_c
PAC	NATL1A	51	3	8.255997924	0.141313897	0.081587617	0.351043182	NATL1A_PAC_51	pt	NATL1A_PAC	pt_c
PAR	NATL1A	0	3	6.780980685	0.049942963	0.028834583	0.124065199	NATL1A_PAR_0	pt	NATL1A_PAR	pt_r
PAR	NATL1A	3	3	7.809436467	0.007662617	0.004424014	0.019034997	NATL1A_PAR_3	pt	NATL1A_PAR	pt_r
PAR	NATL1A	6	3	7.906538136	0.054341014	0.031373799	0.134990562	NATL1A_PAR_6	pt	NATL1A_PAR	pt_r
PAR	NATL1A	9	3	8.129567365	0.026913765	0.01553867	0.066857499	NATL1A_PAR_9	pt	NATL1A_PAR	pt_r
PAR	NATL1A	12	3	7.685029133	0.085021735	0.049087321	0.211205697	NATL1A_PAR_12	pt	NATL1A_PAR	pt_r
PAR	NATL1A	14	3	7.417320872	0.070437803	0.040667284	0.174977202	NATL1A_PAR_14	pt	NATL1A_PAR	pt_r
PAR	NATL1A	18	3	7.702131494	0.019078097	0.011014745	0.047392621	NATL1A_PAR_18	pt	NATL1A_PAR	pt_r
PAR	NATL1A	21	3	7.80934525	0.017796321	0.010274711	0.044208511	NATL1A_PAR_21	pt	NATL1A_PAR	pt_r
PAR	NATL1A	24	3	7.606773663	0.244331345	0.141064768	0.606952708	NATL1A_PAR_24	pt	NATL1A_PAR	pt_r
PAR	NATL1A	30	3	7.768504973	0.04325911	0.024975659	0.107461586	NATL1A_PAR_30	pt	NATL1A_PAR	pt_r
PAR	NATL1A	33	3	7.521788715	0.150451225	0.086863055	0.373741561	NATL1A_PAR_33	pt	NATL1A_PAR	pt_r
PAR	NATL1A	36	3	7.525730544	0.071181889	0.041096883	0.176825616	NATL1A_PAR_36	pt	NATL1A_PAR	pt_r
PAR	NATL1A	42	3	7.390673727	0.130307948	0.075233329	0.323702889	NATL1A_PAR_42	pt	NATL1A_PAR	pt_r
PAR	NATL1A	45	3	7.089938831	0.061571571	0.035548363	0.152952263	NATL1A_PAR_45	pt	NATL1A_PAR	pt_r
PAR	NATL1A	48	3	6.96687502	0.069794874	0.040296089	0.173380078	NATL1A_PAR_48	pt	NATL1A_PAR	pt_r
PAR	NATL1A	51	3	6.304928826	0.128949149	0.074448826	0.320327444	NATL1A_PAR_51	pt	NATL1A_PAR	pt_r
PC	NATL1A	0	3	6.184172517	0.123372677	0.071229248	0.306474719	NATL1A_PC_0	pt	NATL1A_PC	pt_c
PC	NATL1A	3	3	7.680895457	0.187995361	0.108539172	0.467006366	NATL1A_PC_3	pt	NATL1A_PC	pt_c
PC	NATL1A	6	3	7.215149599	0.058233502	0.033621128	0.144660037	NATL1A_PC_6	pt	NATL1A_PC	pt_c
PC	NATL1A	9	3	7.355898058	0.005254389	0.003033623	0.013052625	NATL1A_PC_9	pt	NATL1A_PC	pt_c
PC	NATL1A	12	3	6.873678673	0.088835689	0.051289309	0.220680085	NATL1A_PC_12	pt	NATL1A_PC	pt_c
PC	NATL1A	14	3	6.555114439	0.056909407	0.032856661	0.141370804	NATL1A_PC_14	pt	NATL1A_PC	pt_c
PC	NATL1A	18	3	7.221256514	0.106697	0.061601542	0.265050043	NATL1A_PC_18	pt	NATL1A_PC	pt_c
PC	NATL1A	21	3	7.084114919	0.085154994	0.049164259	0.211536732	NATL1A_PC_21	pt	NATL1A_PC	pt_c
PC	NATL1A	24	3	6.948940462	0.022132393	0.012778143	0.054979913	NATL1A_PC_24	pt	NATL1A_PC	pt_c
PC	NATL1A	30	3	7.178211648	0.069606503	0.040187333	0.172912138	NATL1A_PC_30	pt	NATL1A_PC	pt_c
PC	NATL1A	33	3	7.077052836	0.123504792	0.071305525	0.306802912	NATL1A_PC_33	pt	NATL1A_PC	pt_c
PC	NATL1A	36	3	7.202865483	0.032930447	0.019012403	0.081803766	NATL1A_PC_36	pt	NATL1A_PC	pt_c
PC	NATL1A	42	3	7.9096795	0.023526451	0.013583003	0.058442943	NATL1A_PC_42	pt	NATL1A_PC	pt_c
PC	NATL1A	45	3	8.067955445	0.069714034	0.040249417	0.173179262	NATL1A_PC_45	pt	NATL1A_PC	pt_c
PC	NATL1A	48	3	8.083612489	0.006075499	0.003507691	0.015092375	NATL1A_PC_48	pt	NATL1A_PC	pt_c
PC	NATL1A	51	3	8.342478703	0.040250787	0.023238803	0.099988499	NATL1A_PC_51	pt	NATL1A_PC	pt_c
PR	NATL1A	0	3	6.780980685	0.049942963	0.028834583	0.124065199	NATL1A_PR_0	pt	NATL1A_PR	pt_r
PR	NATL1A	3	3	7.750241578	0.152885631	0.08826856	0.379788962	NATL1A_PR_3	pt	NATL1A_PR	pt_r
PR	NATL1A	6	3	7.906507024	0.035545326	0.020522103	0.088299484	NATL1A_PR_6	pt	NATL1A_PR	pt_r
PR	NATL1A	9	3	7.971619499	0.050913502	0.029394924	0.126476151	NATL1A_PR_9	pt	NATL1A_PR	pt_r
PR	NATL1A	12	3	7.676895617	0.41683094	0.240657455	1.035465457	NATL1A_PR_12	pt	NATL1A_PR	pt_r
PR	NATL1A	14	3	8.079184347	0.117389985	0.067775139	0.291612888	NATL1A_PR_14	pt	NATL1A_PR	pt_r
PR	NATL1A	18	3	7.657878131	0.02429612	0.014027372	0.060354909	NATL1A_PR_18	pt	NATL1A_PR	pt_r
PR	NATL1A	21	3	7.190963032	0.170317415	0.098332805	0.423091913	NATL1A_PR_21	pt	NATL1A_PR	pt_r
PR	NATL1A	24	3	7.550946064	0.045073119	0.026022978	0.111967835	NATL1A_PR_24	pt	NATL1A_PR	pt_r
PR	NATL1A	30	3	7.671745934	0.043254476	0.024972983	0.107450075	NATL1A_PR_30	pt	NATL1A_PR	pt_r
PR	NATL1A	33	3	7.528612362	0.082811641	0.047811323	0.20571552	NATL1A_PR_33	pt	NATL1A_PR	pt_r
PR	NATL1A	36	3	7.539133887	0.05778162	0.033360234	0.1435375	NATL1A_PR_36	pt	NATL1A_PR	pt_r
PR	NATL1A	42	3	7.40343779	0.019157056	0.011060331	0.047588765	NATL1A_PR_42	pt	NATL1A_PR	pt_r
PR	NATL1A	45	3	7.043871666	0.042275264	0.024407635	0.105017577	NATL1A_PR_45	pt	NATL1A_PR	pt_r
PR	NATL1A	48	3	7.055585183	0.040275096	0.023252837	0.100048884	NATL1A_PR_48	pt	NATL1A_PR	pt_r
PR	NATL1A	51	3	6.462869244	0.075110321	0.043364964	0.186584381	NATL1A_PR_51	pt	NATL1A_PR	pt_r